xxxx;;;;;;;;;;;;;;;x
#######################################;;;;;;;;;;;;;;;x
# 决议;;;;;;;;;;;;;;;x
#######################################;;;;;;;;;;;;;;;x
introduction_prc_title;漫天花雨·民族解放之花;;;;;;;;;;;;;;x
introduction_chcw_title;漫天花雨·独立自由之花;;;;;;;;;;;;;;x
introduction_chcw_desc;欢迎使用漫天花雨MOD.;;;;;;;;;;;;;;x
introduction_chiw_title;漫天花雨·秩序威权之花;;;;;;;;;;;;;;x
introduction_chiw_desc;欢迎使用漫天花雨MOD.;;;;;;;;;;;;;;x
introduction_prc_desc;欢迎使用漫天花雨MOD.;;;;;;;;;;;;;;x
introduction_chcf_title;漫天花雨·独立自由之花;;;;;;;;;;;;;;x
introduction_chif_title;漫天花雨·秩序威权之花;;;;;;;;;;;;;;x
introduction_jap1_title;漫天花雨·尚武兴国之花;;;;;;;;;;;;;;x 
introduction_chc_title;漫天花雨·独立自由之花;;;;;;;;;;;;;;x
introduction_chi_title;漫天花雨·秩序威权之花;;;;;;;;;;;;;;x
introduction_jap_title;漫天花雨·尚武兴国之花;;;;;;;;;;;;;;x
introduction_chc_desc;欢迎使用漫天花雨MOD.;;;;;;;;;;;;;;x
introduction_chi_desc;欢迎使用漫天花雨MOD.;;;;;;;;;;;;;;x
introduction_jap_desc;欢迎使用漫天花雨MOD.;;;;;;;;;;;;;;x
introduction_chcf_desc;欢迎使用漫天花雨MOD.;;;;;;;;;;;;;;x
introduction_chif_desc;欢迎使用漫天花雨MOD.;;;;;;;;;;;;;;x
introduction_jap1_desc;欢迎使用漫天花雨MOD.;;;;;;;;;;;;;;x
introduction_japa_title;漫天花雨·尚武兴国之花;;;;;;;;;;;;;;x 
introduction_japa_desc;欢迎使用漫天花雨MOD.;;;;;;;;;;;;;;x
introduction_chia_title;漫天花雨·秩序威权之花;;;;;;;;;;;;;;x
introduction_chia_desc;欢迎使用漫天花雨MOD.;;;;;;;;;;;;;;x
introduction_chca_title;漫天花雨·独立自由之花;;;;;;;;;;;;;;x
introduction_chca_desc;欢迎使用漫天花雨MOD.;;;;;;;;;;;;;;x
independent_MEB_title;成立蒙疆联合自治政府;;;;;;;;;;;;;;x
independent_MEB_desc;关东军司令部与内蒙古的一些要人保持着联系.通过这些乐意的合作者我们可以在这里成立一个政权从而保证此地在我们征服别处时的安宁.;;;;;;;;;;;;;;x
independent_CHB_title;成立中华民国临时政府;;;;;;;;;;;;;;x
independent_CHB_desc;我们需要一个政府帮助我们利用北支那的资源,并维持该地区的稳定.我们要让这个政府绝对排除共产主义,发扬东亚道义.这样日本进步的行政、法制、军事的技术就能够由侧面来指导华北的政治.;;;;;;;;;;;;;;x
independent_CJS_title;成立中华民国维新政府;;;;;;;;;;;;;;x
independent_CJS_desc;支那人仓皇逃窜,如今他们的江苏、浙江、安徽已经基本落入了大日本帝国的手中,让我们建立一个政府来更好的统治这里.;;;;;;;;;;;;;;x
independent_WJW_title;成立新的国民政府;;;;;;;;;;;;;;x
independent_WJW_desc;汪精卫先生愿意同大日本帝国合作,非常好,这说明帝国的政治诱降政策卓有成效,那么,让他来吧,将来我们还要把蒋介石先生请到南京来.;;;;;;;;;;;;;;x
the_north_china_incident_title;平津作战;;;;;;;;;;;;;;x
the_north_china_incident_desc;我们已经做好了战争的万全准备,大日本皇军将取得最后的胜利,昭和天皇将统治全世界!;;;;;;;;;;;;;;x
shanghai_incident_title;进攻上海;;;;;;;;;;;;;;x
shanghai_incident_desc;上海是支那最富有的城市,攻下上海,皇军将享有直接威胁支那首都的战略效果.;;;;;;;;;;;;;;x
china_united_front_action_title;四月密谈,策划抗日民族统一战线;;;;;;;;;;;;;;x
china_united_front_action_desc;1936.4.9,周恩来、张学良在延安天主教堂会见,密谈抗日大计.;;;;;;;;;;;;;;x
china_united_front_title;发布<国共合作宣言>;;;;;;;;;;;;;;x
china_united_front_desc;在上海战局的压迫下,中央通讯社发布了<中国共产党为公布国共合作宣言>,这标志着国共合作的展开.;;;;;;;;;;;;;;x
new_fourth_army_title;八省红军集结,建立陆军新编第四军;;;;;;;;;;;;;;x
new_fourth_army_desc;根据国共之间的协定,南方八省的红军游击队应整编为<国民革命军陆军新编第四军>.如今各游击队已陆续集结,箭在弦上,一触即发.;;;;;;;;;;;;;;x
shanxi_new_army_title;山西新军决死队;;;;;;;;;;;;;;x
shanxi_new_army_desc;日本人来得太快,晋北重镇大同已然沦陷.只有借助共产党组织群众的本领,来缓解眼前的灾难.;;;;;;;;;;;;;;x
shandong_chc_army_title;山东人民起义;;;;;;;;;;;;;;x
shandong_chc_army_desc;国民党在山东望风而逃,无数人民沦入敌手.中国共产党应该站出来,独立担起山东抗战的责任.;;;;;;;;;;;;;;x
chc_jinchaji_title;挺进恒山,建立晋察冀军区;;;;;;;;;;;;;;x
chc_jinchaji_desc;按照中央的战略部署,<八路军115师>一部将挺进恒山、五台山脉,放手发动群众,建立新的晋察冀根据地.;;;;;;;;;;;;;;x
chc_jinsui_title;建立晋西北、晋西南根据地;;;;;;;;;;;;;;x
chc_jinsui_desc;按照中央的战略部署,<八路军115师>主力将挺进吕梁山脉,<八路军120师>将挺进管涔山脉,放手发动群众,建立新的根据地.;;;;;;;;;;;;;;x
chc_jinjiyu_title;建立晋冀豫根据地;;;;;;;;;;;;;;x
chc_jinjiyu_desc;按照中央的战略部署,<八路军129师>将挺进晋东南,放手发动群众,建立新的根据地.;;;;;;;;;;;;;;x
chc_jirecha_title;成立冀热察挺进军;;;;;;;;;;;;;;x
chc_jirecha_desc;中央军委决定,以原<第4纵队>组成<冀热察挺进军>,返回冀东开展敌后斗争.;;;;;;;;;;;;;;x
chc_daqingshan_title;建立大青山根据地;;;;;;;;;;;;;;x
chc_daqingshan_desc;毛泽东主席致电朱、彭、贺,指出建立大青山根据地甚为重要,120师遂开始组织<大青山支队>.;;;;;;;;;;;;;;x
chc_jilubian_title;成立东进抗日挺进纵队;;;;;;;;;;;;;;x
chc_jilubian_desc;<115师第5支队>、<129师津浦支队>组成了<八路军东进抗日挺进纵队>,从冀南出发,挺进冀鲁边,扩大冀鲁边根据地.;;;;;;;;;;;;;;x
china_qingnianjun_title;组织青年军;;;;;;;;;;;;;;x
china_qingnianjun_desc;陪都重庆正面临威胁,现在只好组织一支党化新军,以应付当前的时局,将来亦可用于反共.;;;;;;;;;;;;;;x
china_yuanzhengjun_title;呼叫中国远征军;;;;;;;;;;;;;;x
china_yuanzhengjun_desc;我们在缅北战场节节失利,现在只好求救于那些中国人了;;;;;;;;;;;;;;x
ERA_placing_title;八路军主力挺进山西;;;;;;;;;;;;;;x
ERA_placing_desc;八路军如按原计划集结恒山,必将被一网打尽.中央军委已制定出新的战略部署……;;;;;;;;;;;;;;x
northchinapolice_title;北支那治安肃正计划;;;;;;;;;;;;;;x
northchinapolice_desc;近日,北支那派遣军司令官多田骏中将,针对北支那地区的中共匪患,组织制定了<治安肃正纲要>.;;;;;;;;;;;;;;x
baituandazhan_title;百团大战;;;;;;;;;;;;;;x
baituandazhan_desc;国军正面战场堪危,国府抗日立场松动,日军的囚笼政策越来越凶狠,日本的政治诱降攻势越来越放肆,八路军应该不惜一切代价,为民族的存亡奋力一搏!;;;;;;;;;;;;;;x
Chongqing_negotiations_title;重庆谈判;;;;;;;;;;;;;;x
Chongqing_negotiations_desc;国民政府的抗战节节顺利,然而中共的政权也在中国控制了一定范围,天无二日,中国的未来必须有个了断.;;;;;;;;;;;;;;x
shanghai_incident2_title;进攻上海;;;;;;;;;;;;;;x
shanghai_incident2_desc;上海是支那最富有的城市,攻下上海,皇军将享有直接威胁支那首都的战略效果.;;;;;;;;;;;;;;x
Chinese_Defence_title;空间换时间;;;;;;;;;;;;;;x
Chinese_Defence_desc;政府深知本国之物资、资源、兵力、军火、武器、民心、军队\n士气等都不如日本,如若正面迎敌则很有可能被击败,乃至\n亡国.故我党决定初期以空间换取时间,以争取后\n方制造武器,兵力编排,军事攻守能力,防御战线\n等整体规划,做好迎敌准备.;;;;;;;;;;;;;;x
#_title;;;;;;;;;;;;;;;x
#_desc;;;;;;;;;;;;;;;x
#######################################;;;;;;;;;;;;;;;x
# 事件;;;;;;;;;;;;;;;x
#######################################;;;;;;;;;;;;;;;x
introduction_prc_title;漫天花雨·民族解放之花;;;;;;;;;;;;;;x
introduction_prc;在中国共产党的领导下,中国人民经过28年来不屈不挠的抗争,终于推翻了长期盘踞在这片古老而孱弱的国度上的帝国主义、封建主义和官僚资本主义这三座大山,新民主主义革命的胜利果实已然取得.随着1949年10月1日毛泽东主席在天安门城楼上的庄严宣告,一个崭新的中国俨然屹立在世界东方,但是全国的解放尚未完成,中国的西南和台湾仍处于反动派的统治之下；与此同时,和东北一江之隔的朝鲜半岛也战云密布,西方妄图将朝鲜半岛打造为对抗共产主义的前线堡垒.....内忧外患的共和国将如何谱写属于她的历史诗篇？四海翻腾云水怒,五洲震荡风雷激,共产党人永远不会被困难折服,前进,为了党和人民!;;;;;;;;;;;;;;x
introduction_prc_option;让民族解放之花解放全世界!;;;;;;;;;;;;;;x
introduction_chif;北伐战争伊始,蒋介石便拥有了对国民革命军的统治权,在四一二政变、宁汉合流后,声望更是到达了巅峰.东北易帜后,蒋介石的南京政府已经对中国完成了名义上的统一.与此同时,南方愈发强大的中共,也早已成为蒋介石的心头之患.面对日本的蚕食,南京方面选择了忍让,签订了一个个丧权辱国的条约,对内则是动用全国之力进行剿匪.如今,由于中共党内的错误,在国民党强大的军事打击、经济封锁下,这支生命力无比顽强的政党似乎覆灭在即.蒋介石,这时候离他的日思夜想的全歼共匪的目标,似乎只差一步之遥了.;;;;;;;;;;;;;;x
introduction_chcf;1927年4月12日,蒋介石等右派分子通过发动反革命政变在党内全面获得统治地位,第一次国共合作旋即破裂.\n四一二政变打碎了中国共产党人’笔杆子里出政权‘的幻梦,党内毛泽东、周恩来等人开始意识到了枪杆子的重要性,提出了’枪杆子里出政权‘的著名论断,并先后发动了’南昌起义‘’秋收起义‘,建立起了属于工农阶级自己的武装力量,又进行了三湾改编,赋予了这支军队无比强大的信仰力量.在建立起苏维埃政权的后来的几年里,共产党人披荆斩棘,大刀阔斧地进行土地革命,扩大苏区,接连打破国民党军数次围剿.在1931年后王明等人在六届四中全会夺取了中央领导权,在党内实行了以教条主义、亲苏媚苏为特征的左倾冒险主义路线,到1933年,又启用李德、博古,在军事上使用进攻中的冒险主义,防守中的保守主义,使得新生的工农红军蒙受了巨大损失.面对第五次围剿在即,中国共产党到底该何去何从？;;;;;;;;;;;;;;x
introduction_chc;由于王明、博古、李德等人的教条主义路线错误,红军遭受了重大损失,被迫进行二万五千里的战略大转移——长征.1935年1月17日,遵义会议肃清了长期盘踞在党内的以王明、博古等人为首的左倾冒险主义,产生了以周恩来为首的领导集团,毛泽东也从此再度进入共产党决策核心,中国共产党正从共产国际的一个支部渐渐成为一个独立的能真正地领导中国革命的政党.\n如今,中国仍是一派军阀割据的混沌局面,日本从未放松对中国大地的垂涎,辽海燕冀的汉奸集团越发嚣张,南京的蒋介石也正策划着对刚结束长征的中央红军发动最后的围剿......雄关漫道真如铁,而今迈步从头越,共产党人不曾放弃过自己的信仰,他们依然要改天换地!;;;;;;;;;;;;;;x
introduction_chi;至1936年,蒋介石的中央军已成为中国最强的势力,以其为领导核心的南京国民政府也在名义上统一了全国.身为国民党右派领袖的蒋介石,清楚地知道什么敌人才最危险.他提出‘攘外必先安内’,对内积极剿共,九年以来终于铲除了中共的诸多‘匪区’,对外则消极抗日.他先后派黄郛、何应钦等人先后签订了丧权辱国的<塘沽协定><何梅协定><秦土协定><淞沪停战协定>,日本顺利地侵占了中国东北与察哈尔、河北以及上海的部分地区.\n如今,共产党武装尚未完全覆灭,全国政令尚未统一,深通权术的蒋介石,正在沿着自己构思的道路,一步步的向全中国迈进.;;;;;;;;;;;;;;x
introduction_jap;经过明治维新与一系列对外战争,日本从一个东亚半殖民地半封建国家,一跃成为一个拥有殖民地的现代化的东亚强国.如今,北一辉、大川周明的法西斯思想已然得到裕仁天皇和军部的认可,在全国占据了主要地位.但皇道派、统制派的争斗仍未结束,日本要成为世界强国,甚至统治世界,就需要对外扩张.\n已接受了福泽谕吉的<脱亚论>的日本政客财阀,以支那首当其冲.蒋介石政府的懦弱,使得日本轻易地占领了中国东北与察哈尔、河北和上海的部分地区.然而这远远不够,日本的目标,是征服全支那,以致于整个亚洲,整个世界.;;;;;;;;;;;;;;x
introduction_chc_option;让独立自由之花解放全中国!;;;;;;;;;;;;;;x
introduction_chi_option;让秩序威权之花统一全中国!;;;;;;;;;;;;;;x
introduction_jap_option;让尚武兴国之花征服全世界!;;;;;;;;;;;;;;x
introduction_chc_subtitle;长夜难明赤县天,百年魔怪舞翩跹.;;;;;;;;;;;;;;x
introduction_chi_subtitle;攘外必先安内,统一方能御侮!;;;;;;;;;;;;;;x
introduction_jap_subtitle;开拓万里波涛,布国威于四方.;;;;;;;;;;;;;;x
introduction_prc_subtitle;天若有情天易老,人间正道是沧桑.;;;;;;;;;;;;;;x
introduction_chcw_subtitle;遍地哀鸿遍地血,无非一念救苍生.;;;;;;;;;;;;;;x
introduction_chiw_subtitle;战胜强权,复兴中华.协和万邦,威振迩遐.;;;;;;;;;;;;;;x
introduction_chcw;抗日战争结束后,国共两党的意识形态之争成为了笼罩在这个国家上空的最大的一朵战争阴云.共产党人为了国家的和平连同社会民主人士不断奔走呼告,毛泽东更是以超人的胆识和魄力远赴重庆参加和平谈判——共产党人不屑于同妖魔鬼怪争辩主义的高低,他们只想让这个近代以来饱受战火摧残的国家恢复安宁,建立一个崭新的真正属于人民的国家.然而国民党等反动势力不会理解共产党人的良苦用心,觊觎、陷害、栽赃、抹黑甚至军事压迫……这是他们的一贯伎俩.正当双十谈判尘埃落定,神州上下期待和平之时,国民党却悍然在东北挑起战火,将得之不易的和平再度烧成灰烬；在南边的山东,国民党也正纠集重兵意图覆灭山东解放区.面对国民党步步紧逼的军事压迫,全面战争只在朝夕之间,但是伟大的革命者从不畏惧战争和死亡,英雄的人民也定然要扫清这片土地上的一切害人虫,共产党人一定会打破这旧世界!;;;;;;;;;;;;;;x
introduction_chiw;1945年抗日战争胜利后,作为中国唯一合法政府的领袖,蒋介石俨然成为了当时中国的‘救世者’、抗战胜利的‘第一功臣’.带着八年抗战积攒的政治声望,蒋介石在重庆同共产党召开了谈判,意图用政治手段解决他的心头之患.可正当社会各界对他抱有和平幻想之时,在谈判之外,他却不断对盘踞北方的中共发动军事冲突——他从来没有放弃‘剿匪’的执念,他仍然认为被共产党统治是一件比做亡国奴更恐怖的事情.虽然经过数年的发展,共产党已经在中国北方发展了成片的解放区,体量已经今非昔比,但是蒋介石的手下也有着成建制的美械武装,他正寄希望于这支在当下中国最强的武装力量能肃清‘赤祸’、戡平内乱,在蒋介石的眼里,共产党这支农民武装在国民党的美械部队面前已经不堪一击.蒋介石个人野心的实现,似乎就在朝夕之间了.;;;;;;;;;;;;;;x
introduction_chia_subtitle;捐躯赴国难,视死忽如归.;;;;;;;;;;;;;;x
introduction_chca_subtitle;此去泉台招旧部,旌旗十万斩阎罗.;;;;;;;;;;;;;;x
introduction_chia;1937年7月7日,卢沟桥的一声枪响彻底打碎了国民政府高层以妥协求安宁、用土地换和平的幻梦,八一三淞沪会战的爆发更是将中日冲突推向了不可避免的全面战争.\n在这数年来的抗战历程中,在以蒋介石为核心的国民政府的积极动员下,从太原到长沙,从上海到武汉,无数的青年奔赴战场,中国人民付出了巨大的牺牲终于让日寇的铁蹄停滞在了中原大地.\n然而,自从正面战场进入僵持后,内剿共的执念再次占据了蒋介石的心头,甚至在抗战最吃紧的时候,也不忘对共产党进行军事打击——联合英美打击日本侵略势力,联合国内军阀打击日益壮大的共产党武装,国民党右派高层正沿着蒋介石的既定构想,一步一步地走上那条独特的抗战建国之路.;;;;;;;;;;;;;;x
introduction_chca;自从东北沦陷后,共产党人便在白山黑水中同侵略者展开了艰苦卓绝的斗争,全面抗战爆发后,共产党人为了促成抗日民族统一战线四处奔走,当日军的铁蹄已然蹂躏大半个中国之时,共产党人更是不惜生命,跨越一条条封锁线深入敌后,建立起一个又一个根据地......\n共产党人深知抗日战争的胜利与否将直接决定民族解放事业的成败,从毛泽东著成<论持久战>到彭德怀领导百团大战,共产党人总是在最危急的时刻挺身而出,为抗战的前途拨开迷雾.\n然而自从正面战场进入僵持后,日伪军主力对华北的扫荡愈演愈烈,蒋介石集团也先后挑起三次反共高潮,胡宗南的精锐部队更是直接对陕甘宁边区进行封锁......民族危亡之际,更是多事之秋,可共产党人又怎会屈服于侵略者和反动派的淫威?他们坚信抗战终将胜利,革命事业也必然成功!;;;;;;;;;;;;;;x
introduction_japa;大本营显然低估了支那的抵抗决心,所谓‘三个月灭亡支那’终究是成为了狂热的军国分子的梦呓.如今,虽然支那沿海和中原的广大的精华地区已经被日本占领,可是蒋介石仍然在重庆领导着支那人坚持抵抗,延安的共产党武装也在后方不断威胁着占领区......\n正当日本深陷支那战事的泥潭之时,对英美的军事行动更是让日本不得不将本就少得可怜的战略资源拿上赌桌同这两个巨人进行一场豪赌.有人说‘帝国已经身处地狱之中’,可日本这株公孙树若不继续向外扩张,就只能在小得可怜的盆栽里耗尽养分死去——到了最后一搏的时刻了,大和民族的命运,从此刻起,将尽数压上赌桌!;;;;;;;;;;;;;;x
wangjingwei_defect;汪精卫叛变;;;;;;;;;;;;;;x
wangjingwei_defectsubtitle;廿载浮名一场醉,投笔却做乱世傀……;;;;;;;;;;;;;;x
wangjingwei_defect_descf;在正面战场节节败退之时,一些骨头软的人,终于生出了亲日投降的念头,成为了日本军国主义政治诱降策略的第一目标.\n汪精卫,这位国民党副总裁,著名的亲日派,竟然也乘隙逃离了重庆,经由昆明转向印度支那的河内,并公开向全国发出通电,宣言所谓‘善邻友好、共同防共、经济提携’,主张使中华民国全体与敌奴颜婢膝,铲除一切共产党抗日组织,让中国人民卷入日本的资本市场,世世代代地做奴隶,以求得苟活.汪精卫本是中国国民党第二号人物,顷刻间却成了一条日本人的狗.;;;;;;;;;;;;;;x
wangjingwei_defect_option;欺世妄称保残阙!;;;;;;;;;;;;;;x
wangweizf_built;汪精卫通敌叛国,南京伪民国政府建立;;;;;;;;;;;;;;x
wangweizf_builtsubtitle;恨未引刀成一快,终惭不负少年头……;;;;;;;;;;;;;;x
wangweizf_built_desc_chi;国民党前副总裁汪精卫,由昆明偷渡河内后竟然在南京公然变节,为日寇建立了一个伪民国傀儡政府,高呼所谓曲线救国、东亚共荣的口号要求中日亲善.他的所作所为已然可以将他成为中国第一号汉奸.南京的伪国民政府成立后不久便先后承认了伪满洲国、伪蒙古国的独立的合法性,并大量征集物资人力,支援日本军国主义的侵略战争,奴化沦陷区的人民.\n此举使举国上下群情激愤、口诛笔伐,汪精卫一度遥奉重庆国民政府主席林森为伪国民政府主席,然而却遭到了重庆国民政府主席林森的公开怒斥:‘这种人虽然暂时保了性命,得了小小利益,但是遗臭万年,上辱没了祖先,下贻害到子孙.一到敌人用不着汉奸的时候,仍旧免不了送命,或者精神受到惩罚,天天在苦痛之中,永远做不得人.’\n汪精卫的投降不会动摇中华民族的抗战决心!敌人的侵略一天不止,我们的抗战也就一天不止,这当中没有丝毫徘徊余地……我们国家的独立与自由,一天不能获到,我们将要继续奋斗一天————;;;;;;;;;;;;;;x
wangweizf_built_option_chi;只有抗战到底,才算是先总理的信徒!;;;;;;;;;;;;;;x
wangweizf_built_desc_chc;国民党前副总裁汪精卫,由昆明偷渡河内后竟然在南京公然变节,为日寇建立了一个伪民国傀儡政府,高呼所谓曲线救国、东亚共荣的口号要求中日亲善.他的所作所为已然可以将他成为中国第一号汉奸.南京的伪国民政府成立后不久便先后承认了伪满洲国、伪蒙古国的独立的合法性,并大量征集物资人力,支援日本军国主义的侵略战争,奴化沦陷区的人民.\n此举使举国上下群情激愤、口诛笔伐,中国共产党在延安召开了<延安民众讨汪大会>,毛泽东主席向全国发出通电,提出‘全国讨汪’、‘制止磨擦’、‘实行三民主义’等对国民党的十点要求,并且在大会上自豪地总结了抗战延安的<十个没有>————;;;;;;;;;;;;;;x
wangweizf_built_option_chc;声讨汪精卫之卖国投降,拥护抗战到底!;;;;;;;;;;;;;;x
CHI_event_1000007_title;部分国民党军政要员变节投降;;;;;;;;;;;;;;x
CHI_event_1000007_subtitle;雨花台前忠骨碎,东瀛刀下乞残杯……;;;;;;;;;;;;;;x
CHI_event_1000007_descf;随着抗日战争进入相持阶段,战局长期僵持、物资日益匮乏、后方压力不断累积,国民政府在军事与政治层面逐渐承受严峻考验,部分军政要员在悲观情绪、利益诱惑与现实压力交织之下走向动摇乃至变节.日方则一面加紧军事进攻,一面通过以华制华的策略大规模策动投降,利用高官厚禄与地方权力收买中国军政人员,在占领区扶植伪政权体系.\n不过自从抗战以来,也早已有诸多国民党军政要员投敌,其中汪精卫集团建立伪政权时即吸收原国民党中央委员二十人,成为最具象征性的政治分裂事件.进入战争中期后,变节现象愈发严重,这些败类的部队主要为原<忠义救国军><第24集团军><第29集团军><苏鲁战区游击纵队>等.在民族危亡之际,这场大规模的动摇与背叛不仅是军事损失,更是对国家意志与政治凝聚力的严峻冲击,成为抗战史上极为沉重的一页.;;;;;;;;;;;;;;x
CHI_event_1000007_option;气节何在?;;;;;;;;;;;;;;x
Kanglian_1;昭告天下,成立东北抗日联军;;;;;;;;;;;;;;x 
Kanglian_1_subtitle;壮志饥餐胡虏肉,笑谈渴饮匈奴血!;;;;;;;;;;;;;;x
Kanglian_1_descf;自从<九·一八事变>之后,中国的东北大地上,不愿做亡国奴的中国人民坚持抗日救亡事业,涌现了大大小小的抗日武装,有民众自行组织的武装,有东北军爱国军官私下违背中央<不抵抗方针>组织的<义勇军>,也有中共满洲省委组织的红军游击队.\n1932年,日本以5万关东军连同伪满洲国军一起进军将30万<义勇军>渐渐打垮.至1936年,各地抗日武装渐渐合流,2月20日,以杨靖宇、王德泰、赵尚志、李延禄、周保中、谢文东等人的名义联合发表<东北抗日联军统一建制宣言>,中国共产党统一领导的<东北抗日联军>成立了!;;;;;;;;;;;;;;x
Kanglian_1_desc;九·一八之后,东北大地像撕裂的布匹任人蹂躏.但那里的人民不愿成为亡国的注脚,愤怒与悲痛化为一支支游击队、一队队义勇军.中央的‘不抵抗’仿佛一堵冰墙,却压不住人们心底的血性.1932年,关东军与伪满部队的铁蹄将数十万的义勇军碾碎,东北的抗日救亡事业陷入低潮.但白山黑水间不会缺乏抵抗的声音,压抑的怒火逐渐汇成一股看不见的潮流.四年后,这潮流终再次聚成成江河.那是一个冰冷的清晨,刀子一样的风穿过松林.杨靖宇把手按在粗糙的地图上,指尖冻得发白,但眼神却比炉火更亮.身旁,王德泰、赵尚志、李延禄、周保中等人相互对视,像是在交换一种约定.没有隆重的仪式,只有几盏摇曳的灯和一张手写的宣言.\n 杨靖宇的声音沉稳而清晰,‘我们的名号,要让百姓,要让全中国知道:东北有人还在抵抗!’\n他们以自己的名字为签,以生死为证,在1936年2月20日,联合发表了<东北抗日联军统一建制宣言>.自此,东北抗日联军在共产党的领导下宣告成立,成为白山黑水间不屈的旗帜,他们将用游击的脚步、血和子弹,把侵略者一点点赶出家园!;;;;;;;;;;;;;;x
Kanglian_1_option;伟大的一群人把绝望熬成了火种;;;;;;;;;;;;;;x
Kanglian_2;东北抗日联军陷入困境;;;;;;;;;;;;;;x
Kanglian_2_subtitle;待从头,收拾旧河山……;;;;;;;;;;;;;;x
Kanglian_2_desc;长白山的风把一支支游击队湮没,雪地上留着新旧足迹和血迹见证着抗联队伍的仓皇,松林间的篝火嘶哑的喉咙在烈风中已经近乎无声.篝火旁的杨靖宇拢了拢破旧的皮袄:‘我们南面被连环包围,东面有新的伪军据点,敌人打造越来越多的<集团部落>,很多队伍断了联络.’\n夜里,一个冻得说不出话来的村妇被护送到营地.她的眼神像被掏空的灯盏.她挤出一句话:‘他们来了两次,说你们是匪,是祸害.若再来我家,没人敢帮你们了.’杨靖宇握着那句话的重量,像握着一把刀.他知道:抗联如同被寒风侵蚀的炉火,随时可能熄灭.营地里有人提议:撤退到更深的山林,分散为小股游动；有人主张集中力量突围,打一仗算一仗.然而,每一种选择都意味着牺牲同志的生命或民众的希望.杨靖宇抬头,眼里有疲惫,但更多的是决绝——;;;;;;;;;;;;;;x
Kanglian_2_option;抗联从此过,子孙不断头!;;;;;;;;;;;;;;x
Kanglian_3;东北抗联惨遭失败;;;;;;;;;;;;;;x
Kanglian_3_subtitle;愿得此生长报国,何须生入山海关!;;;;;;;;;;;;;;x
Kanglian_3_descf;由于缺粮少衣、诱降攻势等种种严峻的摧残,东北抗日联军最终无力周旋,回天乏术.杨靖宇、赵尚志、赵一曼、王德泰、汪雅臣等同志壮烈牺牲,谢文东、李华堂等民族败类投敌.残余的抗联部队退入苏联,被编成<远东红旗军第88国际旅>,后来成为一支精锐特战部队,在苏联<八月风暴>行动中作为伞兵先锋力量使用.\n东北抗联的救亡事业虽然被扼杀了,但是抗联英勇的斗争使日本帝国主义不能很快地侵入中国内地.虽然抗联未取得彻底的胜利,可是对于国家、民族,对于中华民族的反法西斯斗争已有了巨大的功劳!;;;;;;;;;;;;;;x
Kanglian_3_desc;多年的游击,山林被抗联走成了骨与血的地图；而饥饿、严寒与诱降,终把这张地图折叠成了灰.粮绝、衣缺、弹尽.村庄被圈成营寨,敌人的诱降宣传像瘟疫一样在村口传播:换来粮食、换来免死.更可怖的,是那细菌武器所制造的杀戮.东北抗联硬生生被撕成了无数支离破碎的影子,在一场又一场必输的战斗后,杨靖宇、赵尚志、赵一曼、王德泰、汪雅臣等同志以身躯书写了最后的誓言,壮烈牺牲,名字镌刻进那片雪与松的记忆里.与此同时,谢文东、李华堂等败类转向敌侧,成为了背叛与汉奸的代名词,给本已脆弱的抗争蒙上更深的阴影.残余的部队则撤入国境之外,求生于他乡.幸存者们被苏联重组为‘远东红旗军第88国际旅’——在他乡的训练场上,他们从游击队员变为伞兵与特种兵,后来在‘八月风暴’中被投作锋矢,刺开了历史的一扇门.虽然山林里的火焰被沉重的风雪按下,可抗联的斗争并非毫无意义:正是这些牺牲,阻滞了日本军国主义向中华内地的迅速蔓延.长白不语,松花涤泪,或许烈士的名字会被覆写,抗联的旗帜会被踩碎,但这片土地上的人民会永远记得这段伟大的抗争——;;;;;;;;;;;;;;x
Kanglian_3_option;抗联先烈永垂不朽!;;;;;;;;;;;;;;x
Kanglian_4;加紧推行<集团部落>政策;;;;;;;;;;;;;;x
Kanglian_4_desc;那些千八百人的支那游击军像泥鳅一样钻来钻去,联合起诸多支那刁民一同反抗大日本帝国的大东亚圣战,皇军是不择手段的,首先从那些手无寸铁的支那人下手,一步一步绞死他们!;;;;;;;;;;;;;;x
Kanglian_4_option;天皇万岁!;;;;;;;;;;;;;;x
Kanglian_5;日本军国主义的残忍暴行——集团部落政策;;;;;;;;;;;;;;x
Kanglian_5_subtitle;人执笞绳,我为奴辱.;;;;;;;;;;;;;;x
Kanglian_5_desc;为了消灭东北抗日联军,日本侵略者在抗联游击区与根据地,大规模推行<集团部落>政策.他们将数个村的百姓绑成一个部落,老百姓被迫离开家乡,进入日军设置的一个个部落基地,在日本昭和军阀的‘大东亚共荣圈’之下,过着牲口的生活,赤裸裸地沦为奴隶.\n伪满洲国治安部思想战略研究部治安问题研究组1937.7<各地治安调查报告>如此记载:‘屋顶大都是用树皮和稻草盖成,墙上到处是窟窿,根本不能挡风御寒.他们没有衣服,只能烧火围坐熏烤.在这样的生活状况下,没有发生病人,真是奇怪的事.从屋子里可以清楚看见天上飘着的白云,在目前严寒的季节里,可以想得出他们的痛苦.’\n这不是治理,这是掠夺；这不是秩序,而是一场有组织的摧毁.每一个被连成‘部落’的家庭,都是被刻意抹去的名字；每一堵漏风的墙,都像一面镜子,照出占领者所谓‘文明’背后赤裸的暴行.;;;;;;;;;;;;;;x
Kanglian_5_option;所谓文明的幌子下,只有饥寒与哀号;;;;;;;;;;;;;;x
Japan_Preparing_1;二·二六兵变,法西斯军国主义体制确立;;;;;;;;;;;;;;x
Japan_Preparing_1_descf;日本的法西斯阵营内部,有皇道派、统制派之分,两派互相争斗不断,像是皇帝身边的太监.1936.2.26,日本内部皇道派青年军官率领以近卫步兵第3联队为中心的1500名士兵,分头去刺杀‘天皇周围的坏人’.至28日,政变被镇压,皇道派大势已去.\n统制派趁势在朝中扩张势力,扫荡残敌.1936.3.5,日本组织新内阁,广田弘毅任新首相.1936.8.7,广田弘毅主持召开五相会议,制定了<基该国策纲要>,日本法西斯军国主义体制就此建立.;;;;;;;;;;;;;;x
Japan_Preparing_1_option;以军人之手立国;;;;;;;;;;;;;;x
Japan_Preparing_1_desc;日本法西斯阵营内部长期分裂为‘皇道派’与‘统制派’,两股势力互相牵扯、明争暗斗,宛如皇权周围永不止息的内庭纷争.1936年2月26日,出自步兵第一、第三连队与近卫步兵第三连队等在京部队的一千五百名皇道派青年军官发动了决定性的一击:分头突击首相官邸与高官私邸,意图以刺杀重塑‘国体’.起义旋即被镇压,参与者被肃清,皇道派的政治前途由此急转直下.事变过后,军内权力的天平并未归于文官.趁着皇道派落败,统制派加快对军政事务的渗透与整编,将军方的意志固化为国家机器的一部分,社会的日常与国家决策,开始被明确的军国体制所统领.政治层面上的连锁反应很快显现,广田弘毅于翌月出任首相,内阁在随后数月里与陆海军的战略文件互相呼应,权力结构朝‘以军为轴’的方向凝固.不久后,广田内阁召开的五相会议确立了以扩军、对外推进与对苏防范为要点的<基本国策纲要>,这一政策文件把战争准备写入政府的常态决策框架,标志着军国主义体制向制度层面的确立.;;;;;;;;;;;;;;x
Japan_Preparing_2;<帝国国防方针>重大修订;;;;;;;;;;;;;;x
Japan_Preparing_2_descf;1936.5,日本内阁修改了<帝国国防方针>和<帝国军队的用兵纲领>,提出大规模扩军.规定日军须扩充到陆军50个师团,航空兵142个中队,海军主力舰12艘,航空母舰12艘,其他舰艇194艘,航空兵65个中队,力求使帝国国防所需兵力,必须足以控制东亚大陆及西太平洋.\n截止1937年度,日本军费预算总额达到32.7亿日元,仅直接军费就占岁出总额的69%.;;;;;;;;;;;;;;x
Japan_Preparing_2_desc;夜色里,东京的军部灯火通明,一份把国家改造为战争机器的蓝图正在显现.\n 1936年5月,内阁对<帝国国防方针>与<帝国军队的用兵纲领>做出重大修订并提出了前所未有的扩军目标:陆军扩充至50个师团；航空兵总体规模列为142个中队；海军则要求主力舰12艘、航空母舰12艘、其他各型舰艇合计194艘.方针的意图十分明确:帝国所需兵力必须足以掌控东亚大陆与西太平洋的战略纵深.这一计划并不是单纯的政治口号,而是深入国家意志的具体行动.截止1937年度,军费预算攀升至总额32.7亿日元,单是直接军费便占据岁出总额的69%—————国家财政被战争优先权切割出一大块,民用开支与社会工程被迫后移.此后,和平的语词开始稀薄,军国体制不再是临时之需,而是一张覆盖整个社会的网.;;;;;;;;;;;;;;x
Japan_Preparing_2_option;开拓万里波涛,布国威于四方;;;;;;;;;;;;;;x
Japan_Preparing_3;帝国准备全面侵华;;;;;;;;;;;;;;x
Japan_Preparing_3_descf;1936.9,帝国陆海军中央部制定了<昭和十二年度对华作战计划>,决定增强侵华军力,在华北使用8个师团,华中使用4个师团,华南使用1个师团,海军控制中国沿海和长江水域,辅助陆军.其后,日军乘中国政府<不抵抗方针>之利,先后侵占丰台、通县,并以冀东保安队侵占昌平、顺义等地,对北平城形成南东北三面包围的态势.;;;;;;;;;;;;;;x
Japan_Preparing_3_desc;1936年9月,<昭和十二年度对华作战计划>从帝国陆海军中央部的会议桌上推出,对支作战的战略设想继承了丰臣秀吉、福泽谕吉、田中义一等几代人的伟大意志,在华北主战方向配置8个师团,华中以4个师团为骨干,华南则留置1个师团以牵制要点,海军也被指派掌控中国沿海与长江水域,以舰队与航空为陆军提供封锁与兵力投送的硬支撑.其后不久,皇军利用中国政府采取的‘不抵抗方针’,先后兵不血刃占领丰台、通县,并向昌平、顺义推进,逐步形成对北平的南、东、北三面合围,战争的车轮已然来到北平城下.;;;;;;;;;;;;;;x
Japan_Preparing_3_option;帝国将会征服支那!;;;;;;;;;;;;;;x
Japan_Preparing_4;反共产国际协定;;;;;;;;;;;;;;x
Japan_Preparing_4_desc;1936年11月25日,日本和德国在柏林签订了<日德反共产国际协定>.协定称,在反对共产国际方面,两国必须‘交换情报’,‘紧密合作’.日本帝国通过该协定进入了<柏林-罗马轴心>,形成了德意日三国同盟的轴心国集团.;;;;;;;;;;;;;;x
Japan_Preparing_4_option;让我们瓜分世界;;;;;;;;;;;;;;x
Peking_Invasion;皇军在平津展开作战;;;;;;;;;;;;;;x
Peking_Invasion_desc;帝国已为征服这个地大物博、软弱无能的国家,作了近百年的准备.自黑船来航以来,列岛的命运便不再局限于四海之内————大洋与大陆,皆是公孙树伸展的舞台.今日,从卢沟桥、宛平城开始,帝国的铁蹄将踏破支那.陆军大臣杉山元以坚定的口吻在作战会议上承诺:‘一个月内,支那事变将被彻底解决.帝国之军,不容阻挡.’此地的每一寸土地、每一条铁路、每一个港口,都将为帝国的未来服务.陆军与海军的联合作战计划,旨在以闪电之势摧毁一切抵抗,使‘支那问题’彻底成为历史文件中的一个段落.军部在通报中冷静总结:‘帝国的新征途,已从卢沟桥开始.’这片土地将成为东亚共荣的基座,而这些软弱的支那人,只配给我们试刀.;;;;;;;;;;;;;;x
Peking_Invasion_option;斗瓢倾尽醉余梦,踏破支那四百州!;;;;;;;;;;;;;;x
Peking_Invasion_CHI;卢沟桥事变;;;;;;;;;;;;;;x
Peking_Invasion_CHI_subtitle;闻说北风吹面急,边上冲梯屡舞.;;;;;;;;;;;;;;x
Peking_Invasion_CHI_desc;1937年7月7日,夜色未散的宛平城外传来的枪响将驻守北平的29军再次推到历史前台.中华民国最高领袖蒋介石旋即电令宋哲元:宛平城应固守勿退,等待中央指示,防止事态扩大.在中央一贯的妥协方针影响下,7月10日,第38师师长张自忠代第29军副军长秦德纯与日方代表松井太久郎、今井武夫谈判休战,给了日本侵略者调兵遣将的时机,张自忠本人亦担负汉奸骂名.与此同时,在南京的走廊里,分歧像裂纹在扩散.蒋介石在7月17日的庐山讲话中表明抗战决心,但在现实政治的权衡下,他却不放弃与日妥协联会英美的外交休战幻想.决策的迟凝使得战场先机尽数丧失,第29军在北平一线以血肉之躯拼尽抵抗,然已错失最佳机会.28日,民族英雄29军副军长佟麟阁、107旅旅长赵登禹壮烈殉国,29日,北平陷落,30日,天津沦陷.日本平津作战胜利,随后的日子如同编好的流程:青天白日旗被替换、日本军队接管了城市……这个国家和民族,又将迎来一场命运的考验————;;;;;;;;;;;;;;x
Peking_Invasion_CHI_option;国族危亡矣!;;;;;;;;;;;;;;x
Peking_Invasion_CHC;卢沟桥事变;;;;;;;;;;;;;;x
Peking_Invasion_CHC_subtitle;只解沙场为国死,何须马革裹尸还?;;;;;;;;;;;;;;x
Peking_Invasion_CHC_desc;平津危急!华北危急!中华民族危急!日本侵略军袭击了卢沟桥、宛平城,最终要征服整个中国.中日之间宁静的表象终于被宛平城一声枪响惊碎.翌日,中共中央发出了由毛泽东主席以铁冷的笔触起草的<中国共产党为日军进攻卢沟桥通电>,朱德总司令向国民政府军事委员会提交了中共关于日军进攻上海的预判.延安喊出了如‘为保卫国土流尽最后一滴血’等诸多抗战口号,红军二十二位将军联名通电请缨:红军要上前线.对共产党人而言,卢沟桥事变不仅是国族垂亡关头、列强侵略之际的历史的必然之事,更是共产党人、共产主义、共产党救亡图存的信仰在民族解放运动历史的试金之石————;;;;;;;;;;;;;;x
Peking_Invasion_CHC_option;红军战士,共产党人,到前线去!;;;;;;;;;;;;;;x
CHI_Event_1000021;最高领袖的摇摆态度;;;;;;;;;;;;;;x
CHI_Event_1000021_subtitle;至今思项羽,不肯过江东.;;;;;;;;;;;;;;x
CHI_Event_1000021_desc;7月17日,各界人士同上庐山,蒋介石发表了<庐山抗战声明>.这次讲话中既有‘若是彷徨不定,妄想苟安,便会陷民族于万劫不复之地!’‘再没有妥协的机会,如果放弃尺寸土地与主权,便是中华民族的千古罪人!’这般左倾的抗战语言；亦有‘芦沟桥事件能否不扩大为中日战争,全系于日本政府的态度’‘在和平根本绝望之前一秒钟,我们还是希望和平的,希望由和平的外交方法,求得卢事的解决.’‘准备应战,而决不求战.’这般右倾的妥协语言.在讲话的最后,蒋介石提出了‘如果战端一开,那就是地无分南北,年无分老幼,无论何人,皆有守土抗战之责任,皆应抱定牺牲一切之决心.’作为整个讲话的基调.\n蒋介石一面声明抗战,一面幻想着请求国际社会尤其英美能够介入调停,制裁日本.作为中华民国的最高领袖,他一会儿向左,一会儿向右；日本鬼子火烧到了家门口,他还在犹豫是战是和,还在想着和.而在他所寄望的国际社会里,英美各国只是谴责一下日本,转头继续和日本做军火生意.;;;;;;;;;;;;;;x
CHI_Event_1000021_option;清醒点,和平已经成为幻梦了!;;;;;;;;;;;;;;x
Shanghai_Invasion;优秀的帝国军人正向上海进发;;;;;;;;;;;;;;x
Shanghai_Invasion_desc;北支那的支那军队还是同四年前那样不堪一击.与此同时,在东海之上,亚洲最强的海军,也正呼应着丰臣秀吉沿长江直取支那腹地的遗志.在上海挑起战端,全面扩大对支战争,帝国要以钢铁与火焰,彻底粉碎支那的抵抗幻想,这个由西方人和支那商贾组成的远东第一大都市,只配做炮火的试验场.舰炮已校准,军旗已升起,大东亚的新纪元,将从此刻开始燃烧————;;;;;;;;;;;;;;x
Shanghai_Invasion_option;让上海成为帝国力量的象征!;;;;;;;;;;;;;;x
Shanghai_Invasion_China;第二次上海事变,国民政府发布<自卫抗战声明书>;;;;;;;;;;;;;;x
Shanghai_Invasion_China_subtitle;何当金络脑,快走踏清秋.;;;;;;;;;;;;;;x
Shanghai_Invasion_China_desc;平津虽华,豺狼野心欲壑难填.日寇显然无法满足于华北的收获,在‘卢案’爆发翌月,1937年8月13日,日军便在上海挑起事端,攻击中国宪兵部队,全面扩大战争事态,意图将兵锋直指南京,神州举国群情激奋.翌日,国民政府发布<自卫抗战声明书>,宣言抗战.蒋介石命令张治中、张发奎编组第九、第八集团军开赴前线,因战前有所准备,中国军队在战役初期节节进取,大有将日寇赶出上海之势……中日之间的全面战争,终于从谈判桌上的唇枪舌剑变成了现实.;;;;;;;;;;;;;;x
Shanghai_Invasion_China_option;把鬼子赶出中国!;;;;;;;;;;;;;;x
CHC_Event_1000023_desc;1935年8月1日,中国共产党发布<为抗日救国告全体同胞书>,号召停止内战一致抗日.1935年12月9日,北平爆发<一二·九运动>,1万多名学生举行抗日示威游行,反对妥协卖国,要求蒋介石抗日.1935年12月25日,中共中央在瓦窑堡召开中央政治局会议,提出建立抗日民族统一战线.翌月,毛泽东、周恩来、彭德怀等联名发出<红军为愿意同东北军联合抗日致东北军全体将士书>.1936年4月9日,周恩来与张学良密谈抗日大计,民族的兴亡正慢慢转圜.;;;;;;;;;;;;;;x
CHC_Event_1000023_option;停止内战,一致抗日!;;;;;;;;;;;;;;x
luochuan_meeting;中共中央在洛川召开会议;;;;;;;;;;;;;;x
luochuan_meeting_desc;正当平津硝烟弥漫之时,毛泽东起草了<抗日救国十大纲领>,中共中央政治局也随即在陕北洛川县冯家村召开了扩大会议,以确定党在抗战中的纲领、路线和政策.\n会议认为抗日战争将会是一场艰苦的持久战,并指出共产党武装的基本任务是‘创造根据地、牵制和消灭敌人、配合国民党军作战、争取共产党对民族革命战争的领导权’,在此基础上积极开展山地游击战,并在平原地区发展游击战争.;;;;;;;;;;;;;;x
luochuan_meeting_2;中流砥柱!;;;;;;;;;;;;;;x
sgn_bianqu;扛起西北抗战旗帜,陕甘宁边区政府宣告成立;;;;;;;;;;;;;;x
sgn_bianqu_desc;根据国共之间的协定,中共将陕甘苏区改名为陕甘宁边区,并成立边区政府,林伯渠任陕甘宁边区政府主席,辖23个县,人口约150万,首府延安.此举标志着中国共产党在西北的行政实体化与组织化进入新阶段——一套由共产党领导、带有自治色彩的政权结构已经以官方仪式的形式对外宣示.;;;;;;;;;;;;;;x
sgn_bianqu_option;中国革命的一大步!;;;;;;;;;;;;;;x
CJD_Event_1000034;改组冀东防共自治政府;;;;;;;;;;;;;;x
CJD_Event_1000034_desc;在华北五省自治将要实现之时,冀东防共自治政府就应与新的中华民国临时政府合并了,这个汉奸伪政权最终走向了尽头.;;;;;;;;;;;;;;x
CJD_Event_1000034_option;命运;;;;;;;;;;;;;;x
CHB_Event_1000035;改组中华民国临时政府;;;;;;;;;;;;;;x
CHB_Event_1000035_desc;汪主席的中华民国国民政府在南京成立了,根据大日本皇军的指示,中华民国临时政府应改称华北政务委员会,期以建立一个和平、反共、统一的中华民国.;;;;;;;;;;;;;;x
CHB_Event_1000035_option;命运;;;;;;;;;;;;;;x
CJS_Event_1000036;改组中华民国维新政府;;;;;;;;;;;;;;x
CJS_Event_1000036_desc;汪主席的中华民国国民政府在南京成立了,根据大日本皇军的指示,中华民国维新政府应并入新的国民政府,期以建立一个和平、反共、统一的中华民国.;;;;;;;;;;;;;;x
CJS_Event_1000036_option;命运;;;;;;;;;;;;;;x
EVTNAME520_subtitle;少妇城南欲断肠,征人蓟北空回首.;;;;;;;;;;;;;;x
EVTDESC520;在中华民族艰苦卓绝的抗日斗争下,即使中国军队的精锐已经消耗殆尽,哪怕中国的国力已经受到沉重打击,甚至中国的半壁江山都已掌握在了日本人的手里,但发动多次大规模会战的日军也损失惨重,开始逐步增兵,增兵加上前线开销使得日本平时经济体系无法负荷；军费的开销迫使近卫文磨改组内阁并发布国家总动员法,被军国主义绑架的日本自此正式进入战时经济体制,彻底陷入战争泥潭,日军大本营重新调整对华战略,改为政治诱降为主、军事进攻为辅的战略,尽快结束所谓的‘支那事变’已成为军国主义者的幻梦.中国人民在经历一次又一次的绝望后终于将日寇的铁蹄停在了中原大地,泱泱华夏绝不亡于三岛倭寇之手.;;;;;;;;;;;;;;x
EVTOPTA520;泱泱华夏绝不亡于三岛倭寇之手!;;;;;;;;;;;;;;x
JAP_Event_1000071;中原大捷;;;;;;;;;;;;;;x
JAP_Event_1000071_desc;皇军在中条山地区取得了辉煌的战果,我们以战死673人,负伤2292人的代价,使得支那军队遗弃了4.2万具尸体,并俘虏了3.5万支那人,这说明大日本皇军是不可战胜的战神.;;;;;;;;;;;;;;x
JAP_Event_1000072_desc;近日,北支那派遣军司令官多田骏中将组织制定了<治安肃正纲要>,针对北支那地区的中共匪患,规定了肃正作战、治安工作和栽培亲日武装等任务,以铁路为柱,公路为链,碉堡为锁,对北支那地区进行肃正清剿,并加紧推行<烬灭作战>,如此,共匪的处境将更加艰难.;;;;;;;;;;;;;;x
JAP_Event_1000072_option;着实高明;;;;;;;;;;;;;;x
CHC_Event_1000073;囚笼政策;;;;;;;;;;;;;;x
CHC_Event_1000073_desc;日本华北方面军为巩固华北的占领区,消灭八路军,破坏敌后抗日根据地,制定了<治安肃正纲要>.首先,日军以铁路为柱,公路为链,碉堡为锁,大规模地以奇袭、扫荡、围攻等方式对付共产党抗日武装；其次,建立<爱护村>和保甲制度,建立伪政权；再次,收编土匪武装,扩大伪军,建立伪警察和保甲自卫队等.该计划准备在一年时间里分三期对华北实施所谓治安肃正.;;;;;;;;;;;;;;x
CHC_Event_1000073_option;中国人的斗志不会被抹杀;;;;;;;;;;;;;;x
CHC_Event_1000074_subtitle;万木霜天红烂漫,天兵怒气冲霄汉.;;;;;;;;;;;;;;x
CHC_Event_1000074_desc;在进入战略相持阶段后,日本政治诱降攻势愈演愈烈,重庆方面和延安方面也在蒋介石的消极抗战和各种政治因素的影响下逐渐离心离德.为了打击日本政治诱降攻势的嚣张气焰,打破蒋介石消极抗战的消极影响,打碎日寇‘囚笼政策’的阴谋以坚持敌后抗战,八路军总部电令晋察冀军区、120师、129师对正太路实施破袭计划.原计划动用22个团,后一度共有105个团共20万人参加战斗,破袭铁路,拔除据点,并对日伪军相机实施沉重打击.历时五个月的<百团大战>开始了.;;;;;;;;;;;;;;x
CHC_Event_1000074_option;为了民族,抗战到底!;;;;;;;;;;;;;;x
CHI_Event_decs2000079;雨季刚过的横断山仍覆着潮湿的薄雾,这条从缅甸通向昆明的公路如灰色绳索在崇山峻岭间蜿蜒.在抗战进入艰苦漫长的相持阶段后,在沿海封锁、航线受阻下,物资无法进入内地,前线军队难以支撑.一条能抵御封锁、直接连接国际援助的陆上生命线,成为抗战时期的中国最急迫的愿望.\n幸好早在1937年8月,龙云便向蒋介石提出了修建滇缅公路的建议,于是这个愿望不久后便在云南各族同胞夜以继日的努力下实现了,修筑这条路的筑路工人肩扛镐锹、手推独轮,攀崖凿壁,开路于险峰之上.有人倒在雨林与山谷中,再也没能归家；有人在工棚里写下短短家书,只盼道路通成,为国家尽一份力.\n昆明城内,当第一批载有军需与药品的汽车队抵达的汽笛声响起时,许多人眼眶湿润——这声汽鸣,是大后方向敌寇封锁发出的最强音.自此,虽然日后因为国际形势的变化,英国曾数次关闭滇缅公路,但仍不影响滇缅公路成为抗战的大动脉.它穿越丛林与险峰,把国际援助与中国的坚持紧紧连在一起——滇缅公路,不仅仅是一条路,更是中国人民坚持抗战的誓言.;;;;;;;;;;;;;;x
CHI_Event_title2000079;冲出横断山——滇缅公路通车;;;;;;;;;;;;;;x
CHI_Event_option2000079;致敬不屈不挠的中国人民!;;;;;;;;;;;;;;x
CHI_Event_551_decs;在中苏两国签订<中苏互不侵犯条约>后苏联旋即为中国提供大量的军事援助,为中国抗战注入了新的希望.\n随着苏联对华援助的落实,一批批装甲车辆、野炮、航空器与轻武器自新疆、兰州一路运抵中原.国民政府军事委员会在重庆的国防会议上提出用苏制武器武装第一军、第二军、第五军与第七十四军四支精锐部队.这些部队配备苏制T-26轻型坦克、M1936野炮、7.62毫米步枪与电台通信装备,战术上引入机械化突击与协同攻击的新概念.苏联顾问团抵达昆明与西安,对中国军官进行现代战术训练.;;;;;;;;;;;;;;x
CHI_Event_550_decs;1930年代中期,国民政府在南京重启军制改革.为实现‘中央军现代化’,蒋介石正式批准中德军事合作计划,邀请德国顾问团来华,协助国军进行系统整编.德国因对中国钨矿需求巨大,也借军事为口强化‘中德合作’,不日便派出德国陆军少将汉斯·冯·赛克率百名顾问来华参与国民政府军事改革.\n于是在原有的中央军精锐的基础上,国民政府按照整编计划组建了装备最精良、训练最严格的几支调整师,第3师、第6师、第9师、第36师、第87师与第88师以及教导总队.这些部队被称为‘中国陆军的铁拳’,军容整肃、火力充足,成为国军最早完成现代化编制的部队.;;;;;;;;;;;;;;x
ENG_Event_decs2000081_decs;日本在中国的扩张已经威胁到了大英帝国在亚洲的利益.日方为了其军事需要,要求我方立刻关闭滇缅公路.;;;;;;;;;;;;;;x
EVTNAME2201;最高统帅部决定对华输出军火;;;;;;;;;;;;;;x
EVTDESC2201;日本的扩张已经威胁到了苏联在远东的利益.为此,外交部已经同中国签订了互不侵犯条约,最高统帅部亦制定了一份名为Zet的计划对华输出军火,以满足以华制日的远东战略需要.;;;;;;;;;;;;;;x
EVTOPTA2201;远东的涟漪会波及到我们吗?;;;;;;;;;;;;;;x
EVTNAME2202;苏联支持中国人民的抗战事业;;;;;;;;;;;;;;x
EVTDESC2202;秋风吹过陕甘一带的草原,远方天空划过的银色机影令人驻足仰望.1937年底,面对日本的铁蹄步步逼近,国民政府急切希望国际社会能伸出支援.此时,来自北方的消息传到重庆——苏联愿意提供军事援助,让中国避免了在独力支撑中耗尽最后的血的结局.\n不久之后,援华空军教官与飞行员抵达兰州.他们驾驶着红星涂装的飞机,穿越天空投入战斗,与中国航空队并肩迎击日机机群.苏制军火沿西北运输线辗转抵前线,而军医与专家也在后方协助建立修理所与训练营.然而,这份援助并非没有代价.莫斯科要求政治与外交配合,共同遏制日本势力在远东的扩张,在国家生死关头,没有人能奢谈纯粹与完美.当红星战机在中国天空与日机缠斗的那瞬间,地面上无数目光望向长空.无论未来何去何从,这份来自寒冷北国的援手,至少为中国的坚持赢得了时间.;;;;;;;;;;;;;;x
EVTOPTA2202;我们也曾并肩作战;;;;;;;;;;;;;;x
CHI_Event_title2000077;滇越铁路成为物资输华大动脉;;;;;;;;;;;;;;x
CHI_Event_decs2000077;由法国政府在1903年修建,跨越金沙江、珠江、红河三大水系的滇越铁路,这一凝聚了中国数万劳工用生命堆砌出的工程奇迹,在早前虽不受国民政府重视,但在上海、广州、香港等沿海重要口岸相继沦陷后,却一跃成为当时中国唯一的铁路国际运输线.国民政府根据<中法会订云南铁路章程>‘万一中国遇有战事,该铁路悉听中国调度’的规定,任命原北宁铁路局局长沈昌为少将司令,负责滇越铁路的军运工作,滇越铁路也一度成为了中国抗战物资运输大动脉.;;;;;;;;;;;;;;x
CHI_Event_option2000077;一条命脉!;;;;;;;;;;;;;;x
ENG_Event_decs2000086;帝国在缅甸未表现出充足的坚守决心,南部重镇仰光于3月8日轻陷敌手,缅甸出海口事实上已被封闭.同时,在东南亚战场,帝国军队全面溃败,日军控制南太平洋,我们只能是放弃缅甸以保全印度了.;;;;;;;;;;;;;;x
CHI_Event_title2000087;飞越喜马拉雅——驼峰航线开通;;;;;;;;;;;;;;x
CHI_Event_decs2000087;滇缅公路被日军彻底切断的消息传抵重庆时,山城的冬雨仍未停歇.雨声敲击着防空洞外的屋瓦,嘀嗒出同敲击三角铁一样肃杀的声音.国民政府深知,一旦国际物资无法输华,现有的生产基础在持久的对峙局面下将难以支撑前线.\n就在这阴霾笼罩之时,罗斯福致信马歇尔,强调‘保持中国动线的开放是急要任务’,并成立第十航空队规划一条自印度至中国的专用航线,以空运穿越喜马拉雅南麓,将印度的战略物资运入中国.\n这条非同寻常的航线将飞越世界最险峻山脉的天空,乱流、冰霜、强风、缺氧、积雨云如山峦翻滚,稍有差池便机毁人亡.地图上的航线曲折而狭窄,像一根悬在深渊上的细丝,不知能否承载一个国家的希望.\n 1942年夏夜的阿萨姆邦军用机场.第一批运输机组整装待发.飞行员们在风中紧握肩章与护目镜,谁都不知能否平安返航.数小时后,漆黑的苍穹中,无数运输机在群山高峰间穿梭,机体被寒霜覆盖,仪表指针颤抖.有人在无线电里低声祈祷,有人把照片贴在仪表板旁,只盼能把一箱箱抗生素、弹药、油料与机器零件送入中国后平安归来.\n 清晨,当第一架沾着薄霜、满是擦痕运输机在昆明降落时,这些穿越万里高空和风暴过来的物资,意味的不只是补给,更是告诉国人:世界没有放弃中国,中国也不会放弃自己.驼峰航线自此被誉为‘空中的生命线’.成千上万飞行员在无名山谷间献出生命,但他们也托举起中国抗战的希望之火.;;;;;;;;;;;;;;x
CHI_Event_op2000087;向驼峰英雄致敬!;;;;;;;;;;;;;;x
CHI_Event_title2000088;翻过野人山——中印公路通车;;;;;;;;;;;;;;x
CHI_Event_decs2000088;自滇西山脉一路延伸的灰褐色土路上,轮胎碾过湿泥的声响格外清晰.\n 抗战已至第八个年头,驼峰航线虽日夜不息,却仍难以满足前线物资所需.无数生命沉眠在喜马拉雅的风雪里,大后方盼望着一条更稳固、更踏实的陆路通道.\n w为了完成这个目标,中国、美国和英属印度动员数万人来修筑一条从印度通往云南的道路,他们或在烈日下挥镐凿石,或在丛林中驱散毒蛇与蚊虫.炸药在峭壁间轰鸣,泥沙与雨水把山体染得斑驳.有人倒在热带瘴气里,有人长眠在异乡山谷,但路面却跨过高原、山脉和河谷一寸寸延伸,像是一条从苦难中生长出的希望.\n 1945年初,一列载着盟军与国民政府代表的吉普车驶入云南境内,抵达腾冲与保山之间的公路节点.沿路的民众围观着车队,脸上写满惊讶与激动.有人激动地喊道:‘路通了!路真的通了!’这句话如火焰般在山谷间传开.在昆明,中印公路与滇缅公路的残段得以连通,象征着多年来断裂的陆上生命线终于重新接上,物资车队不再需要穿越高空和风雪便可以踏着坚实的土地抵达中国腹地.虽然距离全面胜利仍需代价,但这一刻,国人知道,中国人民的坚持没有白费.山川阻挡不断抗战的意志,越过丛林险地抵达的,不只是油料、军械与粮秣,更是世界对中国抗战的再次回应.;;;;;;;;;;;;;;x
CHI_Event_option2000088;中国必将胜利;;;;;;;;;;;;;;x
Event2100101title;国民政府签订<中苏互不侵犯条约>;;;;;;;;;;;;;;x
Event2100101desc;日本在亚洲的扩张已经威胁到了苏联在远东的利益,为了牵制日本,苏联于8月20日同南京国民政府于南京签订了<中苏互不侵犯条约>.根据这一条约,苏联将不仅对中国的抗战给予道义支持,也提供了大量军事援助.;;;;;;;;;;;;;;x
Event2100101op;团结一切国际力量;;;;;;;;;;;;;;x
Event1200001title;国民政府签署<中美抵抗侵略互助协定>;;;;;;;;;;;;;;x
Event1200001desc;1942年6月2日中美两国代表在华盛顿签署了<中美抵抗侵略互助协定>,中国正式成为租借协定的受援国.协定声明中国防御及抵抗侵略对于美国之防御关系至为重要,两国政府议定美国政府将继续以美国总统准予转移或供给防卫用品、防卫兵力及防卫情报提供给中国政府,中国政府将继续协助美国国防及其加强,并以其所能供给之用品、兵力或情报供给之.;;;;;;;;;;;;;;x
Event_3000098decs;虽受红军东征的影响,阎锡山在山西曾设立起严格的防共网络,一时间内山西风声鹤唳,但阎锡山在同共产党多次密会后决定以大局为重,于是在1936年9月,阎锡山在山西设立了以动员山西民众抗日救亡为宗旨的牺牲救国同盟会,并由阎锡山亲任会长.;;;;;;;;;;;;;;x
Event_3000098option;和平已到绝望时刻,牺牲已到最后关头!;;;;;;;;;;;;;;x
Event19362title;东征晋绥,中共中央军委改编组建抗日先锋军;;;;;;;;;;;;;;x
Event19362subtitle;更催飞将追骄虏,莫遣沙场匹马还.;;;;;;;;;;;;;;x
Event19362desc;1936年1月15日,中华苏维埃共和国西北革命军事委员会主席毛泽东,副主席周恩来、彭德怀签发<关于红军东进抗日及讨伐卖国贼阎锡山的命令>,明确了对于阎锡山等亲日派的态度,随后便组建了抗日先锋军.签发<关于红军东进抗日及讨伐卖国贼阎锡山的命令>是红军东征的开端.;;;;;;;;;;;;;;x
JAP_Event_decs300;在天皇陛下批准了"南方综合作战计划"后不久,帝国大本营即发布南方作战部队战斗序列,正式成立南方军负责东南亚作战.前军事参议官、大将寺内寿一被特命为总司令官,前陆军参谋副长冢田攻中将出任总参谋长.自此,从东京向南的道路被正式铺定:马来、爪哇、婆罗洲、菲律宾、缅甸……每一处都将在帝国地图上染上旭日的颜色,或是战争的焦黑.;;;;;;;;;;;;;;x
JAP_Event_decs299;破晓前的缅甸海岸,被火光与硝烟照亮,仰光,这座曾由英王室统治的殖民心脏,如今正在帝国军靴的踏压下发出最后的呻吟.英国在缅甸的空虚的防务根本无法阻挡帝国军队的登陆,旭日旗缓缓升起,取代了降下的米字旗.在司令部的地图上,仰光被一枚红色小旗钉住,如同猎人将猎物的皮毛钉在墙上作为战利品.缅甸门户已开,印度洋的海浪正在向帝国低头,南方军继续向北凝望,那里是曼德勒,是通往支那后方的命门,也是西进印度的关键——仰光,将会是荣光的开端.;;;;;;;;;;;;;;x
JAP_Event_decs300option;帝国是否真的能承受另一条战线？;;;;;;;;;;;;;;x
JAP_Event_title299;攻陷仰光;;;;;;;;;;;;;;x
JAP_Event_decs298;东枝,这座坐落在群山与云海之间的高原城市,一向宁静得本来与战争无关.然而,当南方军的先遣部队抵达时,宁静被撕开了一个冰冷的缺口.通往东枝的山道蜿蜒曲折,雾气像是有意遮挡外来者的视线.沿途村落空无一人,只有被匆忙遗弃的佛像与翻倒的水缸在薄雾中独自守候.抵抗并未如仰光那般激烈——本就少量的英军与地方守备部队早已撤走.帝国旗帜在东枝市政厅轻易地升起,一些尚未逃离的掸族居民站在远处旁观,眼神里只有古老民族对山雨欲来时的沉默等待——他们见惯了征服者,也知道风暴不会因换旗而散.军官们向东京告捷‘东枝已在我军掌控下,南方走廊进一步贯通.’;;;;;;;;;;;;;;x
JAP_Event_decs299option;英国人也只配给帝国试刀;;;;;;;;;;;;;;x
JAP_Event_title298;攻陷东枝;;;;;;;;;;;;;;x
JAP_Event_decs298option;印度门户已然洞开;;;;;;;;;;;;;;x
pinghan;平汉路大溃败;;;;;;;;;;;;;;x
pinghandesc;保定,这座平汉铁路的心脏,正被浓烟吞没.\n 军委会的电报将宋哲元的第一集团军、刘峙的第二集团军、卫立煌的第十四集团军、商震的第二十集团军、万福麟的第五十三军编入以涿州为前哨,以固安、永清为翼,以永定河为防的防线.可日寇并不给他们喘息之机.香月清司以第六、第十四、第二十师团为主力,顺着铁道南下迅速击穿正定至德州的防线,同时第五师团也自涞源而下,直取保定.防线崩溃的速度超乎想象.可蒋介石的手谕如石头一样顽固‘我军应在保定附近与敌决战.’.保定被包围后,蒋介石终于命令转移大部队至娘子关,仅留商震一部在平汉路抵抗.然而此举已无力回天——正定、石家庄相继陷落,滹沱河畔的守军被炮火撕碎.10月10日,日军自西渡河,攻陷石家庄.平汉路,这条曾被称为‘北方的生命线’的铁路,如今成了坟墓.成千上万的士兵在烟尘中溃散或倒下,百姓背着行囊在铁道两侧逃亡,华北防线至此彻底崩溃.;;;;;;;;;;;;;;x
pinghanname;华北的风,开始向南吹……;;;;;;;;;;;;;;x
songhukuibai;淞沪大溃败;;;;;;;;;;;;;;x
songhukuibaidesc;第三战区发布撤退命令时,本意是让左翼固守原线,掩护右翼有序转进.然而命令反复、传达迟滞,待左翼接获撤退指令时,战局已然失控,前线各部的行动早已脱离长官部掌握.薛岳虽力图以临机指示维持秩序,按计划分配撤退路线,命令第15、第21集团军沿沪锡公路及周边后撤,太仓、昆山、浏河等线分别由两军分用.可理想中的‘协同退却’却在现实的指挥失链、部队混乱中沦为奢望.当中国军队刚开始后撤,日军便乘势占领上海市区.上海全境沦陷后,原驻沪西诸部彻底退出淞沪,日本上海派遣军旋即展开全面追击,以北、中、南三路向苏州、无锡推进,长江两岸水陆并进的部队更势如破竹——第16师团与重藤支队自白茆口登陆,一日之间连续夺取苏州以东重镇,企图切断第三战区整体退路.第三战区副司令顾祝同急令全线退向吴福阵地,右翼死守平、嘉一线,左翼与被截孤军交替掩护.但却为时已晚,沿京沪路西进的日军抵达安亭西南,与白茆口、浒浦登陆部队形成合围之势,几乎当场瓦解吴福防线.左翼仓促向苏州、福山退却,右翼向乍浦、平湖、嘉善突围,太湖防线形同虚设.罗卓英率第19集团军于兴隆桥、福山、常熟及沿江一带苦战,仍难阻溃退洪流.整条战线如被抽走支柱般轰然倒塌,队伍溃散,无力回整,唯有彭善第11师在混乱中尚有一丝斩获.\n这一刻,淞沪不只是失守,而是一整个战区的意志瓦解.;;;;;;;;;;;;;;x
songhuname;淞沪破碎之日;;;;;;;;;;;;;;x
diyizhanqu;血战平绥,军委会设立第一战区;;;;;;;;;;;;;;x
diyizhanqudesc;在卢沟桥事变发生后,战火迅速蔓延.面对骤然升高的危局,国民政府深知华北乃抗战命脉之地,不容失序.10日,国民政府军事委员会石家庄行营设立,委任徐永昌为主任,林蔚任参谋长,以期迅速协调前线局势.然而烽烟愈烈,战线南移逼迫指挥体系再调整.14日,行营改驻保定,原址改设军事委员会石家庄办事处,仍由林蔚主持,以兼顾两地指挥与情报联络.\n形势危急,战局复杂,前线各部队仍呈条块割据.8月22日,大本营颁发<全面抗战作战指导方案>,宣告华北、中原抗战进入全国战略布局之中.第一战区遂正式成立,由蒋介石亲自兼任司令长官,司令长官部设于保定,统辖冀省与鲁北广袤疆域,职责之重前所未有.;;;;;;;;;;;;;;x
disanzhanqu;鏖兵淞沪,军委会设立成立第三战区;;;;;;;;;;;;;;x
disanzhanqudesc;八一三事变爆发后,上海的烽火揭露了一个残酷的现实——在日军主力的不断压迫下,江南正成为抗战的存亡之所.\n 为了守住通往国都南京的门户,也为了稳固整个东南战局,国民政府军事委员会决定设立第三战区守备京沪及长江沿线.当日军在华北高歌猛进之时,国民政府军事委员会决意开辟淞沪战场,分散日军主力,并调集全国军力赶赴淞沪,第三战区由此成为了一支关键的战略力量.;;;;;;;;;;;;;;x
2221option2;又是一件人间悲剧;;;;;;;;;;;;;;x
22222title;长沙城失火;;;;;;;;;;;;;;x
22222decs;自武汉失守后,长沙成了大后方的咽喉,军政机关、学校、工厂与仓储纷纷在此集结.可自从日军攻入湘北,与中国军队在新墙河对峙,长沙防务压力骤增,国民政府高层担忧一旦日军入湘,资源皆会随之而去.于是,蒋介石对张治中下达了‘焦土抗战’的命令——‘长沙如失陷,务将全城焚毁,望事前妥密准备,勿误!’\n 然而,命运从来不按人意行进.深夜,一阵不明的火光在城北升起.起初只是几处仓房的火舌,但秋风一吹,火势迅猛蔓延.军队误以为焦土计划已提前启动,随即仓促放火.火光映红湘江,街巷陷入混乱,人潮推挤、哭喊、奔逃,火舌吞噬了商铺、学堂、街市与民宅,最终整座城市化作连片火海.火烧三昼夜,长沙半城倾倒……当大火自然熄灭后,余烬中仍有黑烟缠绕,焦土未能阻敌,却先焚己城.国民政府的官员站在残壁前,望着被烧尽的街道,沉默无言.此火究竟是误发、怠失,还是必然的悲剧？谁都找不到答案——只有历史会铭记这灰烬中的一页.;;;;;;;;;;;;;;x
22223title;国民党当局焚毁长沙城;;;;;;;;;;;;;;x
2224title;花园口溃堤;;;;;;;;;;;;;;x
2224decs;日军沿平汉南压,郑州危若累卵,黄河,这一自古便被视作中原命脉的母亲河,能否再次保全中原门户？\n面对无法挽救的危局,蒋介石在武汉的最高国防会议上接受了第一战区参谋长晏勋甫的方案,炸开黄河花园口大堤,以水挫敌锐势.反对者愤怒地称其为‘自沉国土,弃民于洪’,主张者则以‘国之存亡,不容妇人之仁’回击.\n可争论不会影响命令的执行,在程潜的督办下,炸药引信划破寂静,黄河奔雷般倾泻而下,千里沃野尽数化为泽国.日军的推进被迫停滞——代价,则由无辜者承担,在掘开花园口后,因决堤乃未作全面疏散准备而仓促执行,国民政府亦声称花园口溃堤为‘日军轰炸’所致.\n 洪水阻敌,战略上未必‘成功’；生民涂炭,伦理上已然‘失败’.逃难者拖着浸水的家当踏向南方,哭声与风声混杂,仿佛这片土地本身也在哀鸣.这是保国之策,还是罪孽之源？历史不会立即回答,但黄河改道所塑造的一切,都将在此后数十年刻进民族记忆.;;;;;;;;;;;;;;x
2224title;国民党当局决堤花园口;;;;;;;;;;;;;;x
2224option;他们本可以做得更好;;;;;;;;;;;;;;x
3220title;天镇陷落;;;;;;;;;;;;;;x
3220decs;天镇,这座镶嵌在长城北端的要隘,自古便为守御边疆的屏障.\n1937年的秋天,早在南口战役中就已突破内长城防线的日军铁蹄南压,连续突破察北与绥东的外围阵地,兵锋直指晋北重镇天镇——一旦天镇失守,山西将岌岌可危.\n阎锡山深知天镇的险要,令李服膺率六十一军,在天镇县抗击日军进犯.李部浴血奋战十天之久不敌日军后奉令撤退,结果被阎锡山以擅自后退为由枪决…… ;;;;;;;;;;;;;;x
3220option1;怎么是他一个人的过错呢？;;;;;;;;;;;;;;x
3222title;郝梦龄将军殉国;;;;;;;;;;;;;;x
3222decs;太原以北的寒风裹着土灰扑向忻口阵地,山岭间炮声昼夜未息.忻口会战,是华北抗战以来最惨烈的正面交锋之一——日军重兵压境,企图撕开太行门户,一举突破晋北防线.国军第九军军长郝梦龄驻守前线,自抵达忻口那一刻起,他便明白自己肩上承载的不只是一个军的存亡,更是全国的士气与抗战的意志.\n第九军与日军主力数日苦战,伤亡惨重.泥泞与硝烟混合成刺鼻的铁锈味,战士们衣襟血痕未干又匆忙上阵.郝梦龄徘徊于最前沿的高地,亲自督战、组织反冲锋.他披着沾满尘土的军大衣,声音沙哑却坚定:‘忻口若破,太原必危.诸君,唯有向前!’10月16日清晨,日军炮击突如暴雨倾泄而下.郝梦龄所部阵地遭猛烈轰炸,他在前沿亲自察看阵势、安抚将士时,被飞弹击中重伤.部属欲将其抬离火线,将军却低声拒绝,眼中映着远处火光:‘别管我……守住阵地.’话音未落,血染黄土,郝梦龄将军壮烈殉国.当噩耗传回太原后,举国震动.郝梦龄成为全面抗战以来首位阵亡的国军军长,他的牺牲犹如一声惊雷击中全国军民.有人哽咽:‘若尽如郝公者,国岂亡哉？’将军之名在山城、在沦陷区、在前线官兵口中传颂,他以生命践履了‘誓与太原共存亡’的誓言.;;;;;;;;;;;;;;x
chuanjunoptionop;共赴国难!;;;;;;;;;;;;;;x
diwuzhanqu;中原危急,军委会设立第五战区;;;;;;;;;;;;;;x
diwuzhanqudesc;随着日军全面突破华北,兵锋跨越黄河防线,矛头直指华中咽喉,长江中游与鄂豫皖及国家陆路交通枢纽正面临严重威胁.\n徐州,这一津浦路和陇海路汇聚的交通枢纽,倘有失守,则江汉门户洞开、中原震荡,武汉三镇恐成前线焦土.\n 为整合华中抗战力量、统筹区域防御,国民政府军事委员会成立第五战区,负责涵盖湖北北部、河南南部及皖西等关键地带的防务.\n由于第五战区部队多为原地方武装,军委会任命经验老成、深谙中原局势且在地方实力派中颇有共识的李宗仁将军担任司令长官,自此,长江中游到中原大地上又有了一道新的‘长城’.;;;;;;;;;;;;;;x
theatreop1;把我们的血肉筑起我们新的长城!;;;;;;;;;;;;;;x
12A;拱卫东南,军委会设立第四战区;;;;;;;;;;;;;;x
12Adesc;抗战全面爆发后,东南沿海尤其是广州们门户面临的登陆威胁日渐加剧.国民政府深知若此地失守,敌军可沿湘桂通道直逼广西腹地,进而威胁西南战略纵深与内地后方.为确保南疆稳固,国民政府军事委员会设立第四战区,司令长官部选址桂林腹地,并任命何应钦兼任司令长官.;;;;;;;;;;;;;;x
70title;国民党召开第五届五中全会;;;;;;;;;;;;;;x
70decs;重庆当局面对在武汉会战后,正面战场上中国军队已与日军陷入持久战的形势,在全会上具体地制定了<抗敌公约>九条.在抗日问题上基本上坚持了继续持久抗战的立场.可除此之外,蒋介石也在全会上作了<唤醒党魂发扬党德与巩固党基>和<整理党务之要点>的演讲,制定了溶共、防共、限共、反共的具体方针,并设立了‘防共委员会’.自此,蒋介石集团又再次把政策的重心由对外转向对内,国民党开始执行一条消极抗日积极反共的路线……;;;;;;;;;;;;;;x
70option1;本性难移啊;;;;;;;;;;;;;;x
FG1qh;蒋介石集团掀起了反共高潮;;;;;;;;;;;;;;x
FG1desc;敌后战场烽烟未息,八路军、新四军在晋察冀、晋冀鲁豫、江南皖东坚持抗击日寇,敌后根据地不断开辟、扩大.然而,随着根据地的成长,也随着抗日战争进入僵持阶段后愈演愈烈的政治攻势,国民党当局在五届五中全会以后,反共活动愈演愈烈,不仅多次命令阎锡山对八路军各部进行骚扰,更是在一九三九年四月,让山东省主席沈鸿烈指使秦启荣部在博山等地袭击八路军山东纵队第三游击支队,惨杀指战员四百余人.\n此后六月,河北省保安司令张荫梧部袭击冀中深县八路军后方机关,惨杀指战员四百余人.同月,湖南国民党军队根据蒋介石的密令杀害了新四军平江通讯处的干部罗梓铭、涂正坤等六人.九月,国民党军队在湖北东部围攻新四军后方机关,惨杀共产党员五六百人.十一月,河南国民党军队和特务,围攻确山县竹沟镇新四军留守处,杀害新四军伤病员及家属二百余人……;;;;;;;;;;;;;;x
73title;蓄意破坏抗战,国民政府电令新四军撤防黄河;;;;;;;;;;;;;;x
73decs;在蒋介石授意下,国民政府军事委员会指使何应钦、白崇禧以国民政府军事委员会正副参谋总长的名义致电八路军朱德、彭德怀正副司令和新四军叶挺、项英正副军长,强令新四军在一个月内开赴黄河以北.在多次交涉无果后,为顾全抗日大局,坚持敌后作战,新四军不得不放弃原根据地北进黄河.;;;;;;;;;;;;;;x
73option1;他们正走入陷阱;;;;;;;;;;;;;;x
FG6qh;国军上官云相部伏击转移中的新四军;;;;;;;;;;;;;;x
FG6desc;在新四军被迫北进后,驻扎于溧水、泗安一线的上官云相部早接到军委会密电‘严查新四军动向,如遇违令行军者,可就地处置.’.此时的新四军,正带着主力部队、伤员和战士家属在崎岖山路间艰难转移,处境十分被动.\n上官云相在得知新四军已进入包围圈后,随即下令对新四军发动攻击.面对突然的攻势,新四军官兵猝不及防,转移队伍在混乱中四散,伤员与家属惊慌奔走.山林回声不断,喊叫、枪响、冲锋号声交织在一起.在双方激战一周后,新四军除2000人突围外,其余战士均壮烈牺牲,军长叶挺与对方谈判被扣,政治部主任袁国平牺牲,副军长项英、参谋长周子昆在突围中也被叛徒杀害.事件发生后,蒋介石竟反诬新四军‘叛变’,宣布取消其番号,并声称要将叶挺交军法审判.;;;;;;;;;;;;;;x
FG7qh;同室操戈,南国火起;;;;;;;;;;;;;;x
FG7qh_subtitle;新四军遭国民党顽军伏击;;;;;;;;;;;;;;x
FG6;可恨!可恨!;;;;;;;;;;;;;;x
FG8qh;国民党顽军进攻共军;;;;;;;;;;;;;;x
FG108qh;破坏抗战团结可耻,全国声讨国民党反动本质;;;;;;;;;;;;;;x
FG10desc;皖南事变后,在政治上,蒋介石的反共面目在全国人民面前暴露无遗.国内各小党派和中间势力对蒋介石已失去幻想；中共敢于斗争,敢于胜利,赢得了国内外舆论的广泛同情和支持,进一步提高了中国共产党在全国的政治地位和在全国人民中的声望.在军事上,尽管新四军在皖南遭受局部失利,但是何应钦、白崇禧‘皓电’、‘齐电’限令八路军、新四军撤至黄河以北的阴谋化为泡影.而皖南事变后不久新四军军部的重建,使部队由原来的6个支队扩编为7个正规师,新四军从此走上了新的发展道路.蒋介石妄图通过围歼皖南新四军军部及其所属部队来达到取消新四军的阴谋也彻底破产.皖南事变发生后的1941年1月17日,周恩来在重庆<新华日报>上发表亲笔题词:‘千古奇冤,江南一叶；同室操戈,相煎何急？!’表达了中国共产党人和一切正义的人们对国民党顽固派发动又一次反共内战的愤怒和谴责.;;;;;;;;;;;;;;x
2224option1;伤敌八百,自损八万;;;;;;;;;;;;;;x
event0010;中共中央通电:停战议和一致抗日 ;;;;;;;;;;;;;;x
eventdesc0010;1936年5月5日,中国共产党中央委员会发出<停战议和一致抗日通电>,明确放弃反蒋口号,首次直接向国民党提出建立抗日联合战线的建议.通电说:自从中国红军革命军事委员会组织中国人民红军抗日先锋军渡河东征以来,所向皆捷,全目响应.蒋介石氏竟以十师以上兵力开入山西,胁同阎锡山氏阻拦红军抗日去路,中国人民抗日红军先锋军,本当集中全力消灭蒋氏拦阻抗日出路的部队,但红军革命军事委员会一再考虑,认为国难当前,双方决战,不论胜负属谁,都是中国国防力量的损失,而为日本帝国主义所称快.因此,红军革命军事委员会特慎重地向南京政府诸公进言,在亡国灭种紧急关头,理应翻然改悔,以‘兄弟阋于墙外御其侮’的精神,在全国范围、首先在陕甘晋停止内战,双方互派代表磋商抗日救亡的具体办法.如仍执迷不悟,甘为汉奸卖国贼,则诸公的统治,必将最后瓦解,必将为全国人民所唾弃所倾覆.语云:‘千夫所指,无疾而死’,又言:‘放下屠刀,立地成佛’,愿诸公深思熟虑之. ;;;;;;;;;;;;;;x
eventname0010;为了人民!;;;;;;;;;;;;;;x
event0011;蒋介石到西安训示张杨二人 ;;;;;;;;;;;;;;x
eventdesc0011;10月22日,蒋介石到西安,分别召见张学良、杨虎城,宣布进一步‘剿共’的计划.张学良不赞成,并说东北军将士不同意继续‘剿共’、打内战.他建议‘停止内战,一致抗日’.蒋介石大发雷霆,厉声说:‘军人以服从为天职,我叫你向东,你就应该向东；我叫你去死,你就得去死.不要问为什么.’蒋介石接见杨虎城时,杨说:‘部队抗日情绪高,剿共士气低,值得忧虑.’蒋介石说:‘剿共势在必行’,‘风吹草动,兵随将走’,士气问题他来解决.27日上午,蒋介石在张、杨陪同下,向参加长安军官训练团的军官、西北‘剿总’和十七路军总部上校以上军官和驻西安各部队团长以上军官训话.张学良对蒋介石阻止人民抗日救亡的做法十分愤慨,他趁在洛阳向蒋祝寿之机,单独会见蒋,要求领导抗日救亡.蒋大发雷霆说:‘我就是革命,我就是政府,只有我可以代表整个国家、整个民族,反对我,就是反对政府,就是好党暴徒.’ ;;;;;;;;;;;;;;x
eventname0011;奇异搞笑;;;;;;;;;;;;;;x
event0013;张国焘叛逃西安,中国共产党将其开除党籍. ;;;;;;;;;;;;;;x
eventdesc0013;1938年4月5日,陕甘宁边区代主席张国焘表陕甘宁边区,参加祭黄帝陵后,逃至西安.7日,在胡宗南部保护下到武汉,发表<敬告国人书>,指责毛泽东等中共领导人‘独立自主,另立门户,不以国家民族为重’,井以书面声明脱离共产党.18日,中共中央作出了<关于开除张国焘党籍的决定>.19日,中共中央发表<关于开除张国焘党籍的报告大纲>.大纲详尽地指出了张国焘脱党的经过、脱党的历史根源及对张国焘脱党的态度.指出:张国焘的脱党,对于中国共产党不但不是什么损失,而是去了一个不可救药的脓包.它使我们党清洗了自己的队伍,使我党更能健康地与巩固地向着自己光荣的前途迈进. ;;;;;;;;;;;;;;x
eventname0013;天要下雨,娘要嫁人,由他去吧.;;;;;;;;;;;;;;x
event0014;中日武汉空战 ;;;;;;;;;;;;;;x
eventdesc0014; 正当徐州方向激战正酣,日军飞机38架空袭抗战大后方武汉.苏联志愿援华航空队配合中国空军第四大队,与日军激战12分钟,击落日机11架,第四大队大队长李桂丹及吕基淳、巴清正、王怡之、李鹏翔5人殉国.20日．武汉各界在汉口总商会公祭殉国空军将士,蒋介石主祭.21日,武汉三镇举行盛大空战祝捷及追悼殉国空军将士大会,孔祥熙、于右任、冯玉祥及中共中央和八路军代表王明、周恩来、叶剑英等出席致祭,会后二万余群众执绋送葬,举行盛大游行. ;;;;;;;;;;;;;;x
eventname0014;只解沙场为国死,何须马革裹尸还.;;;;;;;;;;;;;;x
event0015;国民政府提出保卫大武汉;;;;;;;;;;;;;;x
eventdesc0015;徐州沦陷后,国民政府军事委员会颁发<抗战一周年宣传大纲>,提出‘保卫大武汉’的口号.徐州失守前,毛泽东在致王明、周恩来、博古、凯丰的电报中指出:‘必须准备在徐州决战失败后,仍有充足力量为保卫武汉而战.’徐州失守后,中共中央提出当前紧急任务是‘保卫武汉,保卫全国’、‘以持久战最后战胜敌人’.中共中央代表团还向当局提出了保卫武汉的具体意见,15日,王明、周恩来、博古联名在<新华日报>上发表了<我们对于保卫武汉与第三期抗战问题的意见>一文.\n国民政府军事委员会制订出保卫武汉计划.作战方针为:守备华南海岸及华东、华北现阵地,积极发展游击战,钳制和消灭敌人；支援马当要塞,在鄱阳湖以东迎战敌人,阻其溯江向九江集中；将主力置于武汉外围,利用鄱阳湖及大别山之地障与长江两岸之岳陵湖沼作持久战,作战重点放在外翼,预备与敌主力作战4至6个月,消耗其继续攻势的能力. ;;;;;;;;;;;;;;x
eventname0015;保卫大武汉,保卫全中国!;;;;;;;;;;;;;;x
HBT;大本营设立北支那方面军;;;;;;;;;;;;;;x
HZT;大本营设立中支那方面军;;;;;;;;;;;;;;x
FHDCND;国民政府军事委员会聘用陈纳德为我国空军顾问;;;;;;;;;;;;;;x
FHDCND1;军委会综合抗战以来的形势,鉴于空军力量薄弱,军委会有意高价聘用一批外国教官来华训练空军,以达成在局部战场能与敌军空军抗衡的目的.;;;;;;;;;;;;;;x
FHDCND2;美国志愿航空队投入对日作战;;;;;;;;;;;;;;x
FHDCND2_decs;随着日军进军东南亚,英美与日本关系日渐紧张,美国不得不向中国倾斜部分资源以达成制衡东亚的战略目的.不久后,蒋介石发布命令,正式成立中国空军美国志愿大队,任命"陈纳德上校为该大队指挥员",并以高价采购战机供其使用.插翅飞虎队徽和鲨鱼头形战机机首闻名天下,其"飞虎队"的绰号在战时需要鼓舞士气之故迅速传播.;;;;;;;;;;;;;;x
FHDCND3;国民政府建立昆明中央航校;;;;;;;;;;;;;;x
FHDCND3_decs;1937年7月初,应国民政府邀请,陈纳德抵达中国考察空军,担任顾问.考察快结束之时,抗日战争全面爆发.陈纳德接受宋美龄的建议,在昆明市郊组建航校,以美军标准训练中国空军,他还积极协助中国空军对日作战.迫于日本外交压力,陈纳德的活动逐渐转为非公开.;;;;;;;;;;;;;;x
FHDCND4;陈纳德赴美国招募飞行员;;;;;;;;;;;;;;x
FHDCND4_decs;1941年,陈纳德接受国民政府的委托,前往美国招募飞行员.罗斯福政府当时已准备对轴心国开战,故给予暗中支持,以私人机构名义,重金招募美军飞行员和机械师,以平民身份参战.;;;;;;;;;;;;;;x
CHI_TSA;国民政府军事委员会设立第八战区;;;;;;;;;;;;;;x
WRQD;在热河日本宪兵本部对冀热察边区活跃的抗日游击战争再次告急后,宪兵本部提出了<灭共对策资料——国境地带>,决定对长城线上的支那人实行烬灭.同时在丰滦密南部沿山边挖封锁沟.帝国在热察兵力不足,只能采取满、北支和蒙疆三方协同行动的办法,由长城内外并进,以滦平、兴隆、青龙为重点,经过两年多的屠杀和改造,终于基本建成对共产军的封锁线.;;;;;;;;;;;;;;x
HBTDECS;在1937年北支那事件发生后,支那驻屯军与关东军先后卷入北支那战事,前线战线急速扩大,局势已远超原本的‘局部事变’的设想.东京参谋本部意识到,仅靠既有兵团指挥体系已难以统筹日益扩大的作战范围,必须成立一支新的‘总军’以保证战略目标的实现.\n八月末,大本营召开紧急御前会议.参谋本部长板垣征四郎奉大本营命令,撤销支那驻屯军番号,编成北支那方面军.;;;;;;;;;;;;;;x
HBTOP;皇军必胜;;;;;;;;;;;;;;x
HZTDECS;在第二次上海事变结束后,支那军溃不成军,京沪一线已经尽在帝国皇军掌控之下.\n但长江下游与南京周边的战线却在推进中迅速拉长.各军的指挥链逐渐混乱,上海派遣军与第10军之间的协同出现延迟,补给与占领区治安指挥更加复杂.11月,明确了中支那形势的大本营决意以第10军为骨干成立中支那派遣军,并任命战功赫赫的松井石根大将为司令官,以统制中支那战局.;;;;;;;;;;;;;;x
HZTOP;帝国万岁;;;;;;;;;;;;;;x
WRQT;严防支那人北进,沿长城线建立无人区;;;;;;;;;;;;;;x
WRQOP;万岁!;;;;;;;;;;;;;;x
Event20190702title;动员;;;;;;;;;;;;;;x
Event20190702desc;动员人民群众,建立游击区,配合正面战场.;;;;;;;;;;;;;;x
Event20190702option;团结一致,驱逐日寇!;;;;;;;;;;;;;;x
SCTL;山西喋血,军委会设立第二战区;;;;;;;;;;;;;;x
SCTD;1937年8月,卢沟桥枪声尚未散尽,华北局势风雨飘摇.面对日军步步南下的威胁,根据<全面抗战作战指导方案>,国民政府军事委员会决定在北方要地设立第二战区,以统一指挥山西、察哈尔及绥远的抗战力量,并任命原山西督军阎锡山为司令长官,八路军总司令朱德也被任命为副司令长官——国共合作,驱逐日寇,保晋大业的口号在此刻终于具象化了.;;;;;;;;;;;;;;x
DBZQ;抗战全面爆发后,华北、华中连陷,西北地区成为国家战略纵深的重要屏障.日军突破山西后,兵锋直逼风陵渡——潼关一线,西北门户岌岌可危.国民政府军事委员会遂电令设立第八战区,任命朱绍良统制防区内各部队,以固守陇东、宁夏及陕西北部防线,遏制敌军西进.;;;;;;;;;;;;;;x
DJZQT;保卫大武汉!军委会设立第九战区;;;;;;;;;;;;;;x
DJZQD;徐州沦陷后,日本华北、华中两大方面军实现了南北对进,会师中原的战略目标.虽然花园口的溃决阻滞了日军沿陇海线、淮河的西进攻势,但是已经控制长江水道的日军马上便在合肥、安庆纠集重兵,准备沿长江直下攻取武汉.\n华中的战争局势已然到了生死关头,国民政府深知武汉的战略地位,为了执行‘守武汉而不战于武汉’的战略目标,国民政府军事委员会随即任命资历深厚的陈诚为第九战区司令长官,率领张发奎、薛岳两大主力兵团共27个军的兵力扼守长江,保卫武汉.;;;;;;;;;;;;;;x
YEWT;国民政府军事委员会指示第五战区开展游击战;;;;;;;;;;;;;;x
TEWD;在抗日战争进入相持阶段后,敌后战场的重要性愈发被国民政府重视.在完成一期整训后,国民政府军事委员会随即电令李宗仁组织第五战区一部挺进豫鄂皖,控制江淮河汉之要隘大别山,力图对敌后方造成一定压力.;;;;;;;;;;;;;;x
chc_jirecha3;挺进鲁南苏北;;;;;;;;;;;;;;x
chc_lunansub_desc;以滨海根据地为中心,统筹山东省党、政、军要务,并指导鲁南、苏北群众在进行游击作战.;;;;;;;;;;;;;;x
chc_jirecha3_option;发扬山东人民起义精神,坚决支持敌后抗战;;;;;;;;;;;;;;x
chc_jirecha4;鄂北、皖中捷报;;;;;;;;;;;;;;x
chc_jirecha4_desc;鄂北、皖中群众正在我党领导下与国民党豫鄂皖友军进行游击作战.;;;;;;;;;;;;;;x
chc_jirecha4_option;插向敌人的腹地!;;;;;;;;;;;;;;x
chc_jirecha5;挺进江浙;;;;;;;;;;;;;;x
chc_jirecha5_desc;苏南、淮河南北、浙东地区游击战如火如荼,势必以敌军猛烈打击.;;;;;;;;;;;;;;x
chc_jirecha5__option;胜利在望;;;;;;;;;;;;;;x
chc_jirecha6;挺进广东;;;;;;;;;;;;;;x
chc_jirecha6_desc;两江、海陆丰地区在我党指导下进行游击战,挑起华南地区解放的大旗.;;;;;;;;;;;;;;x
chc_jirecha6_option;嗯;;;;;;;;;;;;;;x
chc_jirecha7;挺进海南;;;;;;;;;;;;;;x
chc_jirecha7_desc;海南人民建立起了琼崖革命根据地,誓死抗战到底.;;;;;;;;;;;;;;x
chc_jirecha7_option;嗯;;;;;;;;;;;;;;x
3223title;张自忠将军殉国;;;;;;;;;;;;;;x
3223decs;日军发动枣宜会战.当时中国军队的第33集团军只有两个团驻守襄河西岸.张自忠作为集团军总司令,本来可以不必亲自率领部队出击作战,但他不顾部下的再三劝阻,坚持由副总司令留守,他自己亲自率领2000多人渡河作战.1940年5月1日,张自忠亲笔昭告各部队、各将领:‘国家到了如此地步,除我等为其死,毫无其他办法.更相信,只要我等能本此决心,我们国家及我五千年历史之民族,决不至亡于区区三岛倭奴之手.为国家民族死之决心,海不清,石不烂,决不半点改变.’张自忠率2000多人东渡襄河后,一路奋勇进攻,将日军第13师拦腰斩断.日军随后以优势兵力对张自忠所部实施包围夹攻.张自忠毫不畏缩,指挥部队向人数比他们多出一倍半的敌人冲杀10多次.张自忠殉国当日（1940年5月16日）,由38师师长黄维刚带领敢死队,端着轻机枪于16日夜间突袭南瓜店,奋勇抢回了张自忠的遗骸.日军则下令停止飞机轰炸,以免伤到张自忠遗体.张自忠的尸骨运回后方后,经检视,张自忠身有八处伤口,其中炮弹伤二处,刺刀伤一处,枪弹伤五处.随后,将军遗体被运往当时的战时首都重庆安葬,路经宜昌时,十万军民恭送灵柩至江岸,其间日机三次飞临宜昌上空,但祭奠的群众却无一人躲避,无一人逃散.1940年5月28日晨,当灵柩运至重庆朝天门码头,蒋介石、冯玉祥等政府军政要员臂缀黑纱,肃立码头迎灵,并登轮绕棺致哀.蒋介石在船上‘抚棺大恸’,令在场者无不动容.蒋介石亲自扶灵执绋,再拾级而上,护送灵柩穿越重庆全城.国民政府发布国葬令,颁发‘荣字第一号’荣哀状.将张自忠牌位入祀忠烈祠,并列首位.28日下午,蒋介石与军政要员和各界群众在储奇门为张自忠举行了盛大隆重的祭奠仪式.张自忠殉国时,年仅49岁,他的夫人李敏慧女士闻耗悲痛绝食七日而死,夫妻二人合葬于重庆梅花山麓.张自忠是反法西斯同盟国中牺牲军衔最高的将领.;;;;;;;;;;;;;;x
3223OP;国家绝不亡于三岛倭寇之手!;;;;;;;;;;;;;;x
3224title;饶国华将军殉国;;;;;;;;;;;;;;x
3224decs;日军依靠装备优势于攻陷泗安.与此同时,日军主力沿吴嘉公路直奔广德,饶国华得知后率领第四三三旅奔赴广德前方约五里的界牌,阻击日军,饶国华到前线督战.日军不断从东洞庭山、西洞庭山调部队增援.在激战中双方均损失惨重,不久,中方从宣城至广德的铁路干线被日机炸毁,补给中断,饶所部被日军三面包围,日军于30日占领广德.饶国华受命组织反攻,但其手中只剩下一营士兵,被日军包围于十字铺据点,日军派使劝降,饶国华在给第七战区司令长官刘湘将军写了绝命书后举枪自戕,以死殉国.;;;;;;;;;;;;;;x
3224OP;唉;;;;;;;;;;;;;;x
32225OP;最有骨气的川军师长!;;;;;;;;;;;;;;x
Event20190710title;皇军占领在支那境内的英、法、美租界;;;;;;;;;;;;;;x
Event20190710subtitle;四方无不屈服于我大日本帝国;;;;;;;;;;;;;;x
Event20190710desc;帝国在东南亚战场取得的巨大胜利已经给英美带来了巨大的震慑.即刻起,皇军将占领各列强在华租界,那畸形繁荣的孤岛————结束了!;;;;;;;;;;;;;;x
ZUJIE1;帝国万岁;;;;;;;;;;;;;;x
Event201907101title;联合舰队炮击英美炮艇;;;;;;;;;;;;;;x
Event201907101desc;对长江上英美舰艇瓢虫号、蜜蜂号,以及美国的军舰帕奈号进行攻击,炸沉他们!封锁江面,别让那些支那人和白皮佬跑了!;;;;;;;;;;;;;;x
2019070101OP;武运昌隆!;;;;;;;;;;;;;;x
Event193617title;张国焘取消第二中央;;;;;;;;;;;;;;x
Event193617subtitle;悬崖勒马惊回首,方觉前程尚有路.;;;;;;;;;;;;;;x
Event193617desc;1936年6月6日,在百丈关严重受挫的张国焘被迫取消‘第二中央’.红二、红六军团同红四方面军会师后,朱德、任弼时、刘伯承、贺龙、关向应同张国焘分裂党、反对党中央的错误进行了斗争.6月10日,张国焘复电中共中央,表示同意6月底北上,但准备向夏河、兆河西北行动,企图在青海、甘肃、新疆边远地区另创一个局面.;;;;;;;;;;;;;;x
Event193617option;他做了正确选择;;;;;;;;;;;;;;x
WRQ_title;冀察血泪,日军在长城线建立无人区;;;;;;;;;;;;;;x
WRQOP2;一群畜生!;;;;;;;;;;;;;;x
KRJGT;毛泽东提议并通过<抗日救国十大纲领>;;;;;;;;;;;;;;x
KRJGD;(1)打倒日本帝国主义；(2)全国军事总动员；(3)全国人民总动员；(4)改革政治机构；(5)实行抗日的外交政策；(6)实行为战时服务的财政经济政策；(7)改良人民生活；(8)实行抗日的教育政策；(9)肃清汉奸卖国贼亲日派,巩固后方；(10)实现抗日的民族团结.;;;;;;;;;;;;;;x
TKOP;抗日救亡!;;;;;;;;;;;;;;x
CKST;蒋介石庐山讲话全文;;;;;;;;;;;;;;x
CKSD;中国正在外求和平,内求统一的时候,突然发生了卢沟桥事变,不但我举国民众悲愤不置,世界舆论也都异常震惊.此事发展结果,不仅是中国存亡的问题,而将是世界人类祸福之所系.诸位关心国难,对此事件,当然是特别关切,兹将关于此事件之几点要义,为诸君坦白说明之. 第一,中国民族本是酷爱和平,国民政府的外交政策,向来主张对内求自存,对外求共存.本年二月三中全会宣言,于此更有明确的宣示,近两年来的对日外交,一秉此旨,向前努力,希望把过去各种轨外的乱态,统统纳入外交的正轨,去谋正当解决,这种苦心与事实,国内大都可共见.我常觉得,我们要应付国难,首先要认识自己国家的地位.我国是弱国,对自己国家力量要有忠实估计,国家为进行建设,绝对的需要和平,过去数年中,不惜委曲忍痛,对外保持和平,即是此理.前年五全大会,本人外交报告所谓:"和平未到根本绝望时期,决不放弃和平,牺牲未到最后关头,决不轻言牺牲",跟着今年二月三中全会对于"最后关头"的解释,充分表示我们对和平的爱护.我们既是一个弱国,如果临到最后关头,便只有拚全民族的生命,以求国家生存；那时节再不容许我们中途妥协,须知中途妥协的条件,便是整个投降、整个灭亡的条件.全国国民最要认清,所谓最后关头的意义,最后关头一至,我们只有牺牲到底,抗战到底,"唯有牺牲到底"的决心,才能博得最后的胜利.若是彷徨不定,妄想苟安,便会陷民族于万劫不复之地! ....(省略部分)总之,政府对于卢沟桥事件,已确定始终一贯的方针和立场,且必以全力固守这个立场,我们希望和平,而不求苟安；准备应战,而决不求战.我们知道全国应战以后之局势,就只有牺牲到底,无丝毫侥幸求免之理.如果战端一开,那就是地无分南北,年无分老幼,无论何人,皆有守土抗战之责,皆应抱定牺牲一切之决心.所以政府必特别谨慎,以临此大事,全国国民必须严肃沉着,准备自卫.在此安危绝续之交,唯赖举国一致,服从纪律,严守秩序.希望各位回到各地,将此意转于社会,俾咸能明了局势,效忠国家,这是兄弟所恳切期望的.;;;;;;;;;;;;;;x
CKSOP;牺牲终于到了最后时刻;;;;;;;;;;;;;;x
3225title;左权将军殉国;;;;;;;;;;;;;;x
3225decs;左权,字孳麟,号叔仁,原名左纪权.湖南醴陵人,黄埔军校一期生,是中国工农红军和八路军高级将领,无产阶级革命家、军事家.1925年加入中国共产党；同年12月赴苏联学习；1934年参加长征,参与指挥强渡大渡河、攻打腊子口等战斗.长征到达陕北后,左权率部参加了直罗镇战役和红军东征.1936年,他担任红一军团代理军团长,率部西征并参与指挥山城堡战役.抗日战争爆发后,他协助指挥八路军开赴华北抗日前线,粉碎日伪军‘扫荡’,发展壮大人民武装力量,取得了百团大战等许多战役、战斗的胜利.,日军对太行抗日根据地发动大‘扫荡’,左权负责断后,指挥部队掩护中共中央北方局和八路军总部等机关突围转移,同年在山西辽县（现左权县）的十字岭突围战斗中被炮弹击中头部牺牲年仅37岁；10月10日,公葬左权的仪式在涉县举行,八路军副总司令彭德怀亲笔撰写并手书了<左权同志碑铭>.左权时任八路军副参谋长,是共产党在开日战争中牺牲的最高级别别将领.;;;;;;;;;;;;;;x
3225OP;誓死抗战;;;;;;;;;;;;;;x
3226title;萧山令将军殉国;;;;;;;;;;;;;;x
3226decs;萧山令字铁侬,湖南省益阳县人,保定陆军军官学校第三期步兵科毕业.当时国民政府西迁武汉,宪兵司令谷正伦（日本陆军士官学校第十一期炮兵科毕业,陆军中将）前往武汉就医.萧山令受命于危难之际,晋升宪兵副司令,同时兼任南京警备司令、防空司令等谷正伦的原兼职,成为国民党南京宪、警的头号人物.南京保卫战时兼6大重职——全国宪兵副司令、首都警察厅长、战时南京市长、代理南京警备司令、防空司令、渡江总指挥.1937年12月13日,南京陷落,自杀殉国,为抗战而亡,是南京保卫战牺牲的最高军官.;;;;;;;;;;;;;;x
3226OP;追授中将;;;;;;;;;;;;;;x
3227title;吴克仁将军殉国;;;;;;;;;;;;;;x
3227decs;吴克仁字静山,吉林省宁安县人.国民革命军陆军第67军军长.此时奉令率部进抵松江,在黄浦江北岸阻击日军谷寿夫师团.亲临第一线督战,屡次击退日军进攻.旋日军调集援兵攻占松江城东、南、西三面,企图合围六十七军,67军为掩护淞沪战场我方大部队撤退,死战不退,坚守至9日.完成阻击任务的67军已伤亡大半.吴克仁率余部从北门突围西撤.在苏州河架设浮桥时,不幸中弹殉国.;;;;;;;;;;;;;;x
3227OP;唉;;;;;;;;;;;;;;x
3228title;戴安澜将军殉国;;;;;;;;;;;;;;x
3228decs;戴安澜字衍功,安徽省无为县人.国军名将,黄埔系骨干之一.1926年黄埔军校三期毕业.1942年,率第200师作为中国远征军的先头部队赴缅参战.取得同古会战（歼敌五千余,而日军兵力4倍于戴部）、收复棠吉等战功.在郎科地区指挥突围战斗中负重伤,26日下午5时40分在缅北茅邦村殉国.1939年6月17日,授陆军少将.1942年10月16日,追赠陆军中将,解放后追认为革命烈士.戴安澜曾血战古北口,后立下台儿庄战役部分战功（火攻陶墩/智取朱庄/激战郭里集）、击败瑞阳公路日军第九师团主力（属武汉会战）、击退艾山阵地日军进攻（属徐州会战）、攻克昆仑关/击毙中村正雄少将（属昆仑关战役）等战功,因昆仑关一役获得蒋中正"当代之标准青年将领"之赞誉.是二战中第一位获得美国勋章的中国军人.;;;;;;;;;;;;;;x
3228OP;着实可惜;;;;;;;;;;;;;;x
32228title;毛主席为戴安澜题诗;;;;;;;;;;;;;;x
32228decs;外侮需人御,将军赋采薇.师称机械化,勇夺虎罴威.浴血东瓜守,驱倭棠吉归.沙场竟殒命,壮志也无违.;;;;;;;;;;;;;;x
32228subtitle;<海鸥将军千古>;;;;;;;;;;;;;;x
CXMOP;打;;;;;;;;;;;;;;x
SIAT;马虎山起兵反盛;;;;;;;;;;;;;;x
SIADCS;继马仲英两次乱疆之后,就在喀什刚刚恢复和平,人民正待休养生息之际,驻兵和田的马虎山,静极思动,高举叛戟,与麻木提合股倡乱,凶锋席卷南疆,发动了震惊全疆的1937年喀什之乱,马虎山对马仲英在喀什时所奉行的亲苏政策一贯不满,当马仲英出走,由他独揽了36师大权后,他立刻背叛了马仲英的路线,公然与之分庭抗礼,走上了反苏亲英的道路,他独断专行,一边大做畜产品和丝织品投机生意,从中牟取暴利,一边通过英国商队秘密输入武器,暗中扩大势力,在苏联的马仲英对马虎山的行径早有察觉,在苏方的授意下,马仲英几次派代表返回南疆撤换马虎山,但马虎山大权已经在握,拒不从命放权,马仲英远在异国,鞭长莫及,只得听之任之.;;;;;;;;;;;;;;x
CXM_1;通电全疆,马虎山起义;;;;;;;;;;;;;;x
CXM_2DCS;盛世才在新疆的统治不得民心,制造白色恐怖、排除异己、妄图将新疆分离出民国的劣迹早已为众所周知.新36师今日起兵,讨伐逆贼,当为众望所归!;;;;;;;;;;;;;;x
SOVP;新疆电告;;;;;;;;;;;;;;x
SOVPDCS;新疆方面盛世才所率领之省军难以抵挡马匪之攻击,一溃千里.故电告求援,是否出兵干预？;;;;;;;;;;;;;;x
SOVOP;出兵;;;;;;;;;;;;;;x
SOV2POP;无能为力;;;;;;;;;;;;;;x
SIKP;镇守东大门;;;;;;;;;;;;;;x
SIKDCS;国民政府与苏联签署互不侵犯条约后,一方面是答应省府要求,另一方面为了防止国民政府染指新疆,派出机械化团驻守哈密,也是为了保证援华物资的安全运输;;;;;;;;;;;;;;x
CLP;发动大清洗;;;;;;;;;;;;;;x
CLP2;军阀本质显露,盛世才再新疆分共清党;;;;;;;;;;;;;;x
CLDCS2;1940年,盛世才为抵制苏联和中国共产党人在新疆的影响,炮制了所谓企图分裂中国领土、建立‘伪政权’的一系列暴动案,诬称著名爱国民主人士、新疆学院院长杜重远,与财政厅长张宏与、伊犁警备司令姚雄、边务处长陈培生、建设厅长阿不都大毛拉(维吾尔族)、公安管理处副处长库尔班尼牙孜(维吾尔族)、阿山行政长沙里福汗(哈萨克族)、艾林郡王(哈萨克族)、布哈特贝子(哈萨克族)、公路局长别克迭也夫(归化族,即后之俄罗斯族)、回族副厅长兰延寿及苏联驻迪化领事馆代总领事欧阳杰克等谋划在当年‘九一八’民众纪念大会上发起暴动,阴谋刺杀本省最高长官,推翻新疆现政府,建立托派力量和汪伪力量的联合政权.具体步骤是先分别在外区的阿山和南疆暴动,成立蒙哈联合政府和维吾尔共和国,同时引诱省城军队出城,乘机在城内动手,最后由杜重远领导这两个政府；新政府暂时与苏联亲善,最终将投靠汪伪和日本.从而将杜重远等一大批爱国民主人士和进步民族上层逐一加以逮捕、杀害、监禁.许多革命志士被害得家破人亡、妻离子散.它是盛世才1942年公开迫害中国共产党人的预演.;;;;;;;;;;;;;;x
CLEANOP1;覆巢之下……;;;;;;;;;;;;;;x
WINTER_WART;绝不坐以待毙,军委会决意发动冬季攻势;;;;;;;;;;;;;;x
WINTER_WARD;日军自‘七七事变’发动全面侵华战争后,经过数年战斗,虽然侵占中国大片国土,但自身亦损失惨重而深陷战争泥潭,到攻占武汉、广州后,由于战线过长,兵力不敷使用,特别是受到中国共产党领导的八路军、新四军在日军占领区内展开了积极袭扰日军的后勤补给线的影响,日军给养短缺,已无力发动大规模的全面性进攻作战,被迫转为守势作战.\n日军大本营也被迫将侵华战略方针由‘速战速决’变为‘持久作战’,日军深深地陷入了中国战场而无力自拔.按照国民党军队第二期对日作战方针,各战区对所属部队进行了轮流整训.到第一、第二期整训完毕后,部队战斗力大增,已堪一战.同时,蒋介石认为,日军已‘楚歌四面、备多力分,论侵华军事,日暮途远,进退维谷’.为打击日军的有生力量,并粉碎日军以华制华、以战养战的企图,各战区应‘同时发挥威力转取攻势’.为表明中国政府抗战到底的决心,国民政府决心发动冬季攻势.;;;;;;;;;;;;;;x
WINTRWAROP;与日寇决一死战!;;;;;;;;;;;;;;x
WINTER_WARTJAP;大本营获悉密电,重庆军决意发动冬季攻势;;;;;;;;;;;;;;x
WINTER_WARDJAP;自我皇军侵华以来,中国陆军无一不屈服于皇军之淫威之下,被迫采取被动之防守.如今,自广东失陷,桂南告急,重庆方面意欲保证交通线的安全,从而电令其军委会十大战区采取攻势,打击我皇军有生力量.;;;;;;;;;;;;;;x
WINTRWAROPJAP;与支那不共戴天!;;;;;;;;;;;;;;x
WIN_WWART;冬季攻势胜利;;;;;;;;;;;;;;x
WIN_WWARD;在英勇党国精兵的攻击之下,日军溃不成军,中国军队光复了沦陷已久的武汉、北京、南京、广州等各大城市,严重打击了日军的嚣张气焰.;;;;;;;;;;;;;;x
WWROP;落日的开始;;;;;;;;;;;;;;x
WINTER_WART1;积极抗战保卫中华,国民政府决意发动冬季攻势;;;;;;;;;;;;;;x
WINTRWAROP1;他们终于开始行动了;;;;;;;;;;;;;;x
KMT_Amry_excise1;国共合作再上新高度;;;;;;;;;;;;;;x
KMT_Amry_excise1d;国民党军队因抗战以来部队损失惨重,军队需要整补,且为了提升自身战斗力特向延安方面求助开展为期三期的军队整训工作,预计在两至三年内完成.此举将增加国军战斗力,达成消耗日军有生力量,进行持久抗战的目的.;;;;;;;;;;;;;;x
KMT_Amry_exciseOP1;团结一致,共御外侮!;;;;;;;;;;;;;;x
KMT_Amry_excise2;共产党将负责对后方国军的整训工作;;;;;;;;;;;;;;x
KMT_Amry_excise2d;在收到来自重庆的请求后,延安方面积极协助协助开展整训工作,并设立游击班,旨在增强将领及军队游击能力.国民党部队的整训工作终于有条不紊地推进了——或许国共双方仍存在诸多分歧,但是民族大义让他们暂时走到了一处.;;;;;;;;;;;;;;x
KMT_Amry_excise_OP;团结一致,共御外侮!;;;;;;;;;;;;;;x
CJB_Event_1000036_desc;德王的蒙疆联合自治政府在南京成立了,根据大日本皇军的指示,晋北自治政府应并入且直接隶属于蒙疆联合自治政府,期以建立一个和平、反共、统一的晋绥.;;;;;;;;;;;;;;x
CJB_Event_1000036;改组晋北自治政府政府;;;;;;;;;;;;;;x
CJB_Event_1000036_option;命运;;;;;;;;;;;;;;x
chongqing_n;国民政府与中共代表会谈纪要;;;;;;;;;;;;;;x
chongqing_n_desc;（一）关于和平建国的基本方针:一致认为中国抗日战争业已胜利结束,和平建国的新阶段即将开始,必须共同努力,以和平民主团结为第一基础,并在蒋主席领导之下,长期合作,避免内战,建设独立自由和平之新中国,实行三民主义.双方又同认蒋主席所倡导之政治民主化,军队国家化,及党派平等合作,为达成和平建国必由之途径.（二）关于政治民主化问题:一致认为应迅速结束训政,实施宪政,并先采必要之步骤,由国民政府召开政治协商会议,邀集各党派代表及社会贤达,协商国事,讨论和平建国方案,及召开国民大会各项问题.现双方正与各方洽商政治协商会议名额组织及其职权等项问题,双方同意一俟洽商完毕,政治协商会议即应迅速召开.（三）关于国民大会问题:中共方面提出重选国民大会代表,延缓国民大会召开日期,及修改国民大会组织选举法,和五五宪法草案等三项主张.政府方面表示国民大会已选出之代表应为有效,其名额可使合理增加,和合法的解决,五五 宪法草案,原曾发动各界研讨,贡献修改意见.(四）关于人民自由问题:一致认为政府保证人民享受一切民主国家人民在平时应享受全部信仰言论出版集会结社之自由.现行法令,当依此原则分别予以废止或修正.（五）关于党派合法问题:中共方面提出政府应承认国民党、共产党及一切党派皆有平等合法地位.（六）关于特务机关问题:双方同意政府应严禁司法和警察以外机关有拘捕审讯人民之权（七）关于释放政治犯问题:中共方面提出除汉奸以外之政治犯,政府应一律释放.政府方面表示:政府准备自动办理,中共可将应释放之人提出名单（八）关于地方自治问题:双方同意应积极推行地方自治,实行由下而上的普选,惟政府希望不以影响国民大会之召开.（九）关于军队国家化问题:中共方面提出政府应公平合理地整编全国军队,确定分期实施计划,应重划军区,确定征补制度,以维军令之统一.在此计划下,中共愿将其所领导的抗日军队,由现有数目,缩编为24个师,并表示迅速将其所领导下散布在广东、浙江、苏南、皖南、皖中、湖南、湖北、河南（豫北不在内）各地之部队,由上述地区,逐次撤退,应整编的军队调至陇海路以北及苏北皖北的解放区集中.解放区民兵,应一律编为地方自卫队.（十）关于解放区政府问题:中共方面提出政府应承认解放区各级政府的合法地位.政府方面表示,解放区名词,在日本无条件投降以后,应成为过去,全国政令,必须统一.中共方面开始提出三方案,为依照现在十八个解放区的情形,重划省区和行政区,并即以原由民选之各级地方政府名单,呈请中央加委,以维政令之统一.（十一）关于奸伪问题:中共方面提出严惩汉奸,解散伪军.政府方面表示,此在原则上自无问题,惟惩治汉奸,要依法律行之,解散伪军,亦须妥慎办理,以免影响当地安宁.（十二）关于受降问题:中共方面提出,重划受降地区,参加受降工作.;;;;;;;;;;;;;;x
EVTOPTA1000310;签署协定;;;;;;;;;;;;;;x
EVTOPTB1000310;没这个必要;;;;;;;;;;;;;;x
EVTNAME1000312;国民政府动员戡乱,全力围攻‘共匪’山东、中原解放区;;;;;;;;;;;;;;x
EVTDESC1000312;天无二日,未来的中国绝不容许存在两个意识形态相悖的政党.至此,政府决定全力进攻共匪所谓解放区,戡平内乱,实现国家之绝对统一.;;;;;;;;;;;;;;x
EVTOPTA1000312;戡乱;;;;;;;;;;;;;;x
EVTNAME1000314;国民政府电令;;;;;;;;;;;;;;x
EVTDESC1000314;如今共匪猖獗,政府希望各省出力,同国家共抗匪患,保卫新生之国家政权.;;;;;;;;;;;;;;x
EVTOPTA1000314;迎合南京方面;;;;;;;;;;;;;;x
EVTOPTB1000314;拥护延安方面;;;;;;;;;;;;;;x
EVTOPTC1000314;保持自身中立;;;;;;;;;;;;;;x
ZXtitle;国民政府召开制宪国大;;;;;;;;;;;;;;x
ZXecs;国民政府召开制宪国大,由中华民国主席蒋介石递交<中华民国宪法草案>,并于11月28日获得通过.此宪法草案大部分延续了36年五五宪草的内容与核心,无非是蒋介石为了巩固他的蒋家王朝在中国国统治地位的独裁工具.;;;;;;;;;;;;;;x
LUtitle;通电全国,云南起义;;;;;;;;;;;;;;x
LUsubtitle;春风又绿金沙畔,明月终将照我还;;;;;;;;;;;;;;x
LUecs;北京中央人民政府毛主席、朱总司令、周总理、人民革命军事委员会并请转人民解放军各野战军司令员、副司令员、各政委、全国各军政委员会、各省市人民政府、各省市军事管制委员会公鉴:人民解放,大义昭然,举国夙已归心,仁者终于无敌.抗战八年,云南民主思潮,普遍三迤.革命原有历史,响义何敢后人!不意胜利甫临,国民党反动政府,私心滔天,排斥异已,遂发生云南政变,且借机将数万健儿,远戍东北；地方民众武装,剥夺殆尽；全省行政首脑,形同傀儡.以特务暗探,钳制人民之思想；以警察宪兵,监视人民之行动；诛求无厌,动辄得咎,官民束手,积愤莫伸；父老则冤苦填膺,青年则铤而走险.人民革命洪流,实已席卷地下.\n解放全滇,有如日月经天,江河行地,决非任何反动势力所能遏阻.只以压力太大,不忍轻率从事,重苦人民.\n汉主持滇政,忽忽四载,效傀儡之登场,处孤孽之地位,操心危而虑患深,左支吾而右竭蹶,懔威胁之多端,实智穷而力屈,既负滇人,复负革命.年来居心行事,无不以云南一千二百万人之祸福为前提,此中委屈不敢求谅于人,亦不敢求恕于我；苟执形迹而罪我,虽百死而不辞.时机未至,不惜委屈忍耐,权为应付；时机已至,不惜任何牺牲,解放云南.兹以坚决之行动,尽应尽之义务,但求有利国家,有利人民.自本日起,脱离国民党反动政府,宣布云南全境解放；并遵照毛主席、朱总司令所宣布之人民解放军约法八章及第二野战军司令刘伯承、政治委员邓小平对川黔滇康宣布之四项办法,暂组织临时军政委员会,维持地方秩序,听候中央人民政府命令.至于汉个人只求云南解放之完成,即当引退而待罪.如有反动势力为害乡邦,汉当率领三迤健儿负弩前驱,迎头痛击,完成人民解放大业.谨此宣言,诸维公鉴.卢汉率全体文武官员暨全省民众叩亥佳樱.;;;;;;;;;;;;;;x
LUCOP;他们选择了正确的历史;;;;;;;;;;;;;;x
LGPoption1;不知何人又在破坏大局;;;;;;;;;;;;;;x
JAP_Event_3019_decs;支援缅甸方面,使南方军保持守势,除配备确保安全和用于外围作战的兵力外,抽出余部转用于中国大陆,并同时与国内部队的改编,复员等革新军容措施相结合,以保证战略上的机动性.;;;;;;;;;;;;;;x
ENG_Event_3019_decs;英帕尔沦陷,印缅形势危急,日军大有攻入我大英帝国之印度之势.即刻抽掉其他战区部分兵力,驰援印缅.;;;;;;;;;;;;;;x
Event80194title;国民党部分海军官兵变节;;;;;;;;;;;;;;x
Event80194desc;随着匪军的逼近,海军‘重庆’号等舰艇发动‘起义’、投敌叛国,投靠共匪.;;;;;;;;;;;;;;x
NACOP;党国的耻辱;;;;;;;;;;;;;;x
Event20205title;接受国民党起义舰队,人民海军建立;;;;;;;;;;;;;;x
Event20205desc;中国人民解放军海军是在人民解放军陆军的基础上组建起来的.1949年3月24日,中国人民革命军事委员会主席毛泽东和中国人民解放军总司令朱德热烈庆祝‘重庆’号巡洋舰官兵起义,指出中国人民必须建设自己强大的国防,除了陆军,还必须建立自己的空军和海军.1949年4月4日,中国人民解放军第三野战军副司令员粟裕、参谋长张震奉中央军委命令,到达江苏省泰州白马庙乡,建立渡江战役指挥部,接受国民党起义投诚舰艇,组建一支保卫沿海沿江的海军部队.1949年4月23日,中国人民解放军华东军区海军在江苏泰州白马庙宣告成立,张爱萍任司令员兼政委.从此,在中国人民解放军序列里出现了一个新的军种——人民海军.1989年2月17日,中共中央军委批准以1949年4月23日成立华东军区海军的日期为中国人民解放军海军的成立日.;;;;;;;;;;;;;;x
MPOCOP;人民海军万岁!;;;;;;;;;;;;;;x
Man1title;开拓满洲,颁布<产业五年计划大纲>;;;;;;;;;;;;;;x
Man1desc;在拓务省、满洲事务局和满铁的调查下,关东军和满洲事务局决意以日满一体为核心立足点,以<满洲国经济建设纲要>为先导,以日满共同委员会为统筹机构,并以第一个<产业开发五年计划>为中心统筹满洲产业建设.‘满业’将成为满洲开发中为帝国军备服务和为侵略支那做准备的重要机构,它主要垄断了钢铁业和煤炭业.被开发的满洲产业将包括有色金属、飞机、汽车、机械、水泥、造纸、纤维、电力、化肥、制盐、交通运输等.帝国将以产业计划为机会,将满洲打造成为建立东亚新秩序时帝国在大陆地区的经济中心与兵员、军备基地;;;;;;;;;;;;;;x
Man2title;拓务省颁布二十年内移民万户方案;;;;;;;;;;;;;;x
ManZhou_developP2;‘满洲移民’是安定满洲的国策.在日俄战争后, 帝国的势力就已进入满洲,控制了旅大和‘满铁’附属地.\n如何巩固和扩大帝国在华势力,防御共产俄国的再进攻,如何‘经营满蒙’便成为帝国朝野上下关注的焦点.在多次内阁会议和御前会议的讨论中,帝国高层决定效仿西方列强,以军事攻略为先导,侵占支那领土之后再行建设与殖民.1936年1月‘满洲拓植株式会社’成立,开始大规模收买土地,从1937年起,每5年为一期.第一期为10万户,第二期为20万户,第三期为30万户,第四期为40万户金牛星移民.总共100万户,500万移民,以期实现满洲占领长期化之目的.;;;;;;;;;;;;;;x
Man2title;日本颁布20年移民万户方针;;;;;;;;;;;;;;x
Man2desc;日本‘满洲移民’乃是日本侵略中国的国策.日俄战争后, 日本帝国主义将其势力伸向了中国东北地区,控制了旅大和‘满铁’附属地.如何巩固和扩大日本在华势力,防御俄国的再进攻,如何‘经营满蒙’便成为日本朝野上下关注的焦点.以移民之手段,实现长期占领之实质.;;;;;;;;;;;;;;x
Man3title;满铁设立铁路总局;;;;;;;;;;;;;;x
Man3desc;自从帝国势力进入满洲以来,南满洲铁道株式会社便一直在满洲进行对支那的政治、经济、军事等方面的攻略.\n满铁在1906年成立之初就得到了长约1100公里的铁路,在帝国彻底控制东北后,满铁更是控制了全满的铁路.为了更好地管辖满洲境内各段铁路,加强帝国在满洲的资源调配能力,1936年,满铁改组铁路管理机构,在奉天设立铁道总局,统一经营铁路、港湾、水运和汽车运输.;;;;;;;;;;;;;;x
Man4title;打通龙凤、抚顺大竖井;;;;;;;;;;;;;;x
Man4desc;由于五年计划期间在朝鲜设立的新义州昭和制铁所和在满洲鞍山设立的制铁所规模发展的需要,尤其是龙凤矿区域上部煤层即将开采完毕,开凿龙凤矿竖井也就成为已经掌控了抚顺煤炭开采大权的抚顺炭矿本部的现实需要.开采完毕后预计能满足所需,并提前完成五年计划工矿业指标.;;;;;;;;;;;;;;x
Man7title;建设满洲重工业;;;;;;;;;;;;;;x
Man7desc;满洲国建立后,关东军企图改组满铁遭到反对,于是便另找合作伙伴.\n日本产业株式会社总裁鲇川义介,对满洲国第一次‘产业五年计划’提出了以发展汽车、飞机等军需工业为中心的战时经济设想,受到关东军的赞赏,即背着满铁与日产策划成立了满洲重工业株式会社.以满洲国的名义发布命令,将原由满铁和伪满管辖的重工业强行收归该社管理.资本总额4.5亿日元,满洲政府和帝国政府各出一半.在10年内保证六分分红,不足时则由满政府给予补助,在分配或解散时帝国享有优先权的优惠.依靠满洲赋予的‘国策会社’的头衔对东北地区的钢铁、轻金属、机械、煤炭等重工业部门实行统治,主导满洲重工业开发与建设.;;;;;;;;;;;;;;x
Man5title;撤销在满治外法权;;;;;;;;;;;;;;x
Man5desc;撤销在满治外法权,给予满洲更多的自由,加强日满华一体化.;;;;;;;;;;;;;;x
Man6title;颁布紧急贸易统制法;;;;;;;;;;;;;;x
Man6desc; 20世纪初至1930年,中国东北地区的对外贸易规模不断扩大.满洲国成立后,伪满政府倚仗日本关东军,强行侵占了中国东北各地海关.中国东北地区长期出超的局面在1933年反转,并且入超额出现扩大趋势.伪满政权极力促进所谓的‘日满一体化’,使得东北地区的对外贸易更加向对日贸易集中.随着列强的经济利益争夺日趋白热化,满洲逐渐步入统制贸易之途.;;;;;;;;;;;;;;x
Man8title;成立满洲粮谷会社;;;;;;;;;;;;;;x
Man8desc;颁布<满洲粮谷株式会社法>,规定对稻米、高粱、苞米、谷子等主要粮食实行统制;;;;;;;;;;;;;;x
Man9title;颁布劳动统制法;;;;;;;;;;;;;;x
Man9desc;随着大东亚战争的扩张,帝国本土的工业体系被推入前所未有的高压运转中.军需生产急剧扩大,钢铁、航空、造船、兵工诸产业对劳动力的需求日益膨胀.然而,本土劳力已被长期削弱.\n在内阁会议多次协商后,<劳动统制法>终于被提出.这是一部将国民的“身体”全部纳入国家机器的法律,也是帝国走向战争体制深处的关键一步.;;;;;;;;;;;;;;x
MSNop;为了东亚新秩序!;;;;;;;;;;;;;;x
Man10title;开展国民储蓄运动;;;;;;;;;;;;;;x
Man10desc;随着太平洋战局不断扩大,帝国的财政与经济已处于极限边缘.钢铁、石油、橡胶的缺乏只是显象,真正让政府与军部警醒的,是战时财政在暗中摇晃的根基.大藏省与企画院多次召开紧急会议,认为满洲是帝国最大的后方根基,应立足于满洲,用满洲的财富化解帝国的燃眉之急.;;;;;;;;;;;;;;x
Man11title;颁布粮谷管理法;;;;;;;;;;;;;;x
Man11desc;帝国高层清楚认识到,自从陷入对支战争的泥潭后,帝国将处于并将长期处于战争状态,物资日益匮乏.在如此情况下,1937年10月帝国开始实行农产物统制,此后颁布一系列统制法令,并根据法令建立相关收购机关与配给机关,至 1939 年实现农产物全面统制.;;;;;;;;;;;;;;x
Man12title;日满华经济建设联系纲要;;;;;;;;;;;;;;x
Man12desc;以发展帝国本土军工业为核心,满洲地区提供帝国发展所需煤炭、工业品、半化学工业品,北支那地区则提供日本所需钢铁、铝矿石.;;;;;;;;;;;;;;x
Man13title;成立满洲农产公社;;;;;;;;;;;;;;x
Man13desc;将‘满洲粮谷会社’、‘满洲谷粉管理会社’和‘满洲特产专管公社’合并,成立了‘满洲农产公社’,完全统制了中国东北的农业经济.;;;;;;;;;;;;;;x
SLZQ;国民政府军事委员会设立苏鲁战区;;;;;;;;;;;;;;x
SLZQD;整合徐州会战遗留敌后的于学忠、韩德勤等部队,成立苏鲁战区,开展游击作战.;;;;;;;;;;;;;;x
JCZQ;国民政府军事委员会设立冀察战区;;;;;;;;;;;;;;x
JCZQD;以鹿钟麟部成立冀察战区,在平汉路附近进行游击作战,相机策应苏鲁战区友军,并贯彻防共反共政策.;;;;;;;;;;;;;;x
Event129title;北平学生爆发抗日爱国运动;;;;;;;;;;;;;;x
Event129subtitle;寄意寒星荃不察,我以我血荐轩辕;;;;;;;;;;;;;;x
Event129desc;‘这是我们第一次看到中国知识青年所表现出来的政治勇气.情景振奋人心；无论是对参加者还是旁观者来说,都是如此.’\n在<何梅协定>签订后,华北局势日益危急.1935年6、7月间,日本通过<秦土协定>控制察哈尔省,10月指使殷汝耕发动‘冀东事变’,在河北省建立冀东防共自治政府.李守信与德王筹备蒙古军政府,大力策动‘华北特殊化’、‘华北五省自治’.何应钦为首的中央军、国民党河北省党部、北平市党部、宪兵三团于1935年9月撤出华北.正当北平之大,已放不下一张安静的书桌之时,中国的青年们却在北京掀起了反日救亡的运动浪潮.国民政府数年来奉行‘攘外必先安内’的政策,对内不断进行以歼灭红军为目的的‘军事围剿’和打压异见为目的的‘文化围剿’,可作为军事‘围剿’的结果,是红军的北上抗日；作为‘文化围剿’的结果,是1935年一二?九青年革命运动的爆发.而作为这两种‘围剿’之共同结果的东西,则是全国人民的觉悟!;;;;;;;;;;;;;;x
Event129op;勇气,是杀不死的;;;;;;;;;;;;;;x
801OOP;负隅顽抗？战斗到底!;;;;;;;;;;;;;;x
21OOP;不惜一切代价让中国打下去;;;;;;;;;;;;;;x
31OOP;坚持抗战到底,胜利就在眼前!;;;;;;;;;;;;;;x
31title;美中英三国发布波茨坦公告;;;;;;;;;;;;;;x
31oop;不过是他们的幻想;;;;;;;;;;;;;;x
31oop2;终战才是唯一出路;;;;;;;;;;;;;;x
Event44444opt;弱国终究是强国博弈的牺牲品;;;;;;;;;;;;;;x
ENG_Event_title2000086;仰光沦陷;;;;;;;;;;;;;;x
61title;苏联政府对日宣战;;;;;;;;;;;;;;x
61oop;消灭日本法西斯!;;;;;;;;;;;;;;x
61title2;苏联对帝国宣战;;;;;;;;;;;;;;x
61oop2;将大东亚战争进行到底!;;;;;;;;;;;;;;x
Event_3000098title;山西爱国人士成立抗日牺牲救亡同盟会;;;;;;;;;;;;;;x
FG6qhop;兄弟阋墙;;;;;;;;;;;;;;x
FG10qhoop;蒋匪面目暴露无遗;;;;;;;;;;;;;;x
FG8qhop;蒋介石破坏抗日大局,不得人心!;;;;;;;;;;;;;;x
EVENT3100102title;解决四川问题,稳定抗战后方;;;;;;;;;;;;;;x
EVENT3100102desc;自从1935年国民政府政令统一四川后,四川的军阀混战稍微止歇了,但一个秩序的四川还远远未到来.抗日战争爆发后,南京政府随即派贺国光担任四川省政府委员,统辖重庆行营,负责前方工业迁川事宜.\n随着刘湘病逝于湖北,四川军阀势力被大幅削弱；同时,退守西南的国民政府也迫切需要一个稳定的大后方以支援全国抗战.处于战略上的考虑,国民政府派遣张群入川担任四川省主席,统筹四川一切军政事务,四川问题的解决已然成为了一件板上钉钉的事情.;;;;;;;;;;;;;;x
EVENT3100102op;大势所趋;;;;;;;;;;;;;;x
EVENT190019title;张群赴川省担任主席;;;;;;;;;;;;;;x
EVENT190019desc;中央派遣张群担任四川省主席,以便于中央管理军政;;;;;;;;;;;;;;x
EVENT190019op;顾全大局;;;;;;;;;;;;;;x
EVENT390019title;贺国光出任重庆行营主任;;;;;;;;;;;;;;x
EVENT390019desc;全面抗战爆发后,面对日益紧张的战争形势,华北前线和暂未被战火波及的东部沿海的工业、教育纷纷向中国内地迁移——四川作为中国的腹地,又拥有这长江这一便利的水路,自然成为了各工厂、大学、政府机构内迁的首要目的地.贺国光此时临危受命奔赴重庆,正是为了统筹前线工业迁川事宜,也负责国民政府迁川的一切后勤准备.;;;;;;;;;;;;;;x
EVENT390019op;希望他在这个位置上发光发热;;;;;;;;;;;;;;x
theatreop;担负起国家的兴亡!;;;;;;;;;;;;;;x
TCoop;让我们瓜分世界!;;;;;;;;;;;;;;x
#;;;;;;;;;;;;;;;x
#_desc;;;;;;;;;;;;;;;x
#_option;;;;;;;;;;;;;;;x